Indicator Name,geoAreaName,parentName,value_2006,value_2007,value_2008,value_2009,value_2010,value_2011,value_2012,value_2013,value_2014,value_2015,value_2016,value_2017,value_2018
Proportion of women who make their own informed decisions regarding sexual relations (% of women aged 15-49 years),Afghanistan,Southern Asia,,,,,,,,,,,,,
Proportion of women who make their own informed decisions regarding sexual relations (% of women aged 15-49 years),Albania,Southern Europe,,,,74.5,,,,,,,,,84.2
Proportion of women who make their own informed decisions regarding sexual relations (% of women aged 15-49 years),Antarctica,World,,,,,,,,,,,,,
Proportion of women who make their own informed decisions regarding sexual relations (% of women aged 15-49 years),Algeria,Northern Africa,,,,,,,,,,,,,
Proportion of women who make their own informed decisions regarding sexual relations (% of women aged 15-49 years),American Samoa,Polynesia,,,,,,,,,,,,,
Proportion of women who make their own informed decisions regarding sexual relations (% of women aged 15-49 years),Andorra,Southern Europe,,,,,,,,,,,,,
Proportion of women who make their own informed decisions regarding sexual relations (% of women aged 15-49 years),Angola,Middle Africa,,,,,,,,,,,85.3,,
Proportion of women who make their own informed decisions regarding sexual relations (% of women aged 15-49 years),Antigua and Barbuda,Caribbean,,,,,,,,,,,,,
Proportion of women who make their own informed decisions regarding sexual relations (% of women aged 15-49 years),Azerbaijan,Western Asia,,,,,,,,,,,,,
Proportion of women who make their own informed decisions regarding sexual relations (% of women aged 15-49 years),Argentina,South America,,,,,,,,,,,,,
Proportion of women who make their own informed decisions regarding sexual relations (% of women aged 15-49 years),Australia,Australia and New Zealand,,,,,,,,,,,,,
Proportion of women who make their own informed decisions regarding sexual relations (% of women aged 15-49 years),Austria,Western Europe,,,,,,,,,,,,,
Proportion of women who make their own informed decisions regarding sexual relations (% of women aged 15-49 years),Bahamas,Caribbean,,,,,,,,,,,,,
Proportion of women who make their own informed decisions regarding sexual relations (% of women aged 15-49 years),Bahrain,Western Asia,,,,,,,,,,,,,
Proportion of women who make their own informed decisions regarding sexual relations (% of women aged 15-49 years),Bangladesh,Southern Asia,,,,,,,,,,,,,
Proportion of women who make their own informed decisions regarding sexual relations (% of women aged 15-49 years),Armenia,Western Asia,,,,,80.7,,,,,,75,,
Proportion of women who make their own informed decisions regarding sexual relations (% of women aged 15-49 years),Barbados,Caribbean,,,,,,,,,,,,,
Proportion of women who make their own informed decisions regarding sexual relations (% of women aged 15-49 years),Belgium,Western Europe,,,,,,,,,,,,,
Proportion of women who make their own informed decisions regarding sexual relations (% of women aged 15-49 years),Bermuda,Northern America,,,,,,,,,,,,,
Proportion of women who make their own informed decisions regarding sexual relations (% of women aged 15-49 years),Bhutan,Southern Asia,,,,,,,,,,,,,
Proportion of women who make their own informed decisions regarding sexual relations (% of women aged 15-49 years),Bolivia (Plurinational State of),South America,,,,,,,,,,,,,
Proportion of women who make their own informed decisions regarding sexual relations (% of women aged 15-49 years),Bosnia and Herzegovina,Southern Europe,,,,,,,,,,,,,
Proportion of women who make their own informed decisions regarding sexual relations (% of women aged 15-49 years),Botswana,Southern Africa,,,,,,,,,,,,,
Proportion of women who make their own informed decisions regarding sexual relations (% of women aged 15-49 years),Bouvet Island,South America,,,,,,,,,,,,,
Proportion of women who make their own informed decisions regarding sexual relations (% of women aged 15-49 years),Brazil,South America,,,,,,,,,,,,,
Proportion of women who make their own informed decisions regarding sexual relations (% of women aged 15-49 years),Belize,Central America,,,,,,,,,,,,,
Proportion of women who make their own informed decisions regarding sexual relations (% of women aged 15-49 years),British Indian Ocean Territory,Eastern Africa,,,,,,,,,,,,,
Proportion of women who make their own informed decisions regarding sexual relations (% of women aged 15-49 years),Solomon Islands,Melanesia,,,,,,,,,,,,,
Proportion of women who make their own informed decisions regarding sexual relations (% of women aged 15-49 years),British Virgin Islands,Caribbean,,,,,,,,,,,,,
Proportion of women who make their own informed decisions regarding sexual relations (% of women aged 15-49 years),Brunei Darussalam,South-Eastern Asia,,,,,,,,,,,,,
Proportion of women who make their own informed decisions regarding sexual relations (% of women aged 15-49 years),Bulgaria,Eastern Europe,,,,,,,,,,,,,
Proportion of women who make their own informed decisions regarding sexual relations (% of women aged 15-49 years),Myanmar,South-Eastern Asia,,,,,,,,,,,81.4,,
Proportion of women who make their own informed decisions regarding sexual relations (% of women aged 15-49 years),Burundi,Eastern Africa,,,,,64.4,,,,,,,63.1,
Proportion of women who make their own informed decisions regarding sexual relations (% of women aged 15-49 years),Belarus,Eastern Europe,,,,,,,,,,,,,
Proportion of women who make their own informed decisions regarding sexual relations (% of women aged 15-49 years),Cambodia,South-Eastern Asia,,,,,91.6,,,,92.9,,,,
Proportion of women who make their own informed decisions regarding sexual relations (% of women aged 15-49 years),Cameroon,Middle Africa,,,,,,88.6,,,,,,,
Proportion of women who make their own informed decisions regarding sexual relations (% of women aged 15-49 years),Canada,Northern America,,,,,,,,,,,,,
Proportion of women who make their own informed decisions regarding sexual relations (% of women aged 15-49 years),Cabo Verde,Western Africa,,,,,,,,,,,,,
Proportion of women who make their own informed decisions regarding sexual relations (% of women aged 15-49 years),Cayman Islands,Caribbean,,,,,,,,,,,,,
Proportion of women who make their own informed decisions regarding sexual relations (% of women aged 15-49 years),Central African Republic,Middle Africa,,,,,,,,,,,,,
Proportion of women who make their own informed decisions regarding sexual relations (% of women aged 15-49 years),Sri Lanka,Southern Asia,,,,,,,,,,,,,
Proportion of women who make their own informed decisions regarding sexual relations (% of women aged 15-49 years),Chad,Middle Africa,,,,,,,,,,63.3,,,
Proportion of women who make their own informed decisions regarding sexual relations (% of women aged 15-49 years),Chile,South America,,,,,,,,,,,,,
Proportion of women who make their own informed decisions regarding sexual relations (% of women aged 15-49 years),China,Eastern Asia,,,,,,,,,,,,,
Proportion of women who make their own informed decisions regarding sexual relations (% of women aged 15-49 years),Christmas Island,Australia and New Zealand,,,,,,,,,,,,,
Proportion of women who make their own informed decisions regarding sexual relations (% of women aged 15-49 years),Cocos (Keeling) Islands,Australia and New Zealand,,,,,,,,,,,,,
Proportion of women who make their own informed decisions regarding sexual relations (% of women aged 15-49 years),Colombia,South America,,,,,,,,,,,,,
Proportion of women who make their own informed decisions regarding sexual relations (% of women aged 15-49 years),Comoros,Eastern Africa,,,,,,,47.4,,,,,,
Proportion of women who make their own informed decisions regarding sexual relations (% of women aged 15-49 years),Mayotte,Eastern Africa,,,,,,,,,,,,,
Proportion of women who make their own informed decisions regarding sexual relations (% of women aged 15-49 years),Congo,Western Africa,,,,,,,70.8,,,,,,
Proportion of women who make their own informed decisions regarding sexual relations (% of women aged 15-49 years),Democratic Republic of the Congo,Middle Africa,,51.1,,,,,,,73.8,,,,
Proportion of women who make their own informed decisions regarding sexual relations (% of women aged 15-49 years),Cook Islands,Polynesia,,,,,,,,,,,,,
Proportion of women who make their own informed decisions regarding sexual relations (% of women aged 15-49 years),Costa Rica,Central America,,,,,,,,,,,,,
Proportion of women who make their own informed decisions regarding sexual relations (% of women aged 15-49 years),Croatia,Southern Europe,,,,,,,,,,,,,
Proportion of women who make their own informed decisions regarding sexual relations (% of women aged 15-49 years),Cuba,Caribbean,,,,,,,,,,,,,
Proportion of women who make their own informed decisions regarding sexual relations (% of women aged 15-49 years),Cyprus,Western Asia,,,,,,,,,,,,,
Proportion of women who make their own informed decisions regarding sexual relations (% of women aged 15-49 years),Czechia,Eastern Europe,,,,,,,,,,,,,
Proportion of women who make their own informed decisions regarding sexual relations (% of women aged 15-49 years),Benin,Western Africa,80.6,,,,,,63.5,,,,,,
Proportion of women who make their own informed decisions regarding sexual relations (% of women aged 15-49 years),Denmark,Northern Europe,,,,,,,,,,,,,
Proportion of women who make their own informed decisions regarding sexual relations (% of women aged 15-49 years),Dominica,Caribbean,,,,,,,,,,,,,
Proportion of women who make their own informed decisions regarding sexual relations (% of women aged 15-49 years),Dominican Republic,Caribbean,,93.3,,,,,,,,,,,
Proportion of women who make their own informed decisions regarding sexual relations (% of women aged 15-49 years),Ecuador,South America,,,,,,,,,,,,,
Proportion of women who make their own informed decisions regarding sexual relations (% of women aged 15-49 years),El Salvador,Central America,,,,,,,,,,,,,
Proportion of women who make their own informed decisions regarding sexual relations (% of women aged 15-49 years),Equatorial Guinea,Middle Africa,,,,,,,,,,,,,
Proportion of women who make their own informed decisions regarding sexual relations (% of women aged 15-49 years),Ethiopia,Eastern Africa,,,,,,63,,,,,53,,
Proportion of women who make their own informed decisions regarding sexual relations (% of women aged 15-49 years),Eritrea,Eastern Africa,,,,,,,,,,,,,
Proportion of women who make their own informed decisions regarding sexual relations (% of women aged 15-49 years),Estonia,Northern Europe,,,,,,,,,,,,,
Proportion of women who make their own informed decisions regarding sexual relations (% of women aged 15-49 years),Faroe Islands,Northern Europe,,,,,,,,,,,,,
Proportion of women who make their own informed decisions regarding sexual relations (% of women aged 15-49 years),Falkland Islands (Malvinas),South America,,,,,,,,,,,,,
Proportion of women who make their own informed decisions regarding sexual relations (% of women aged 15-49 years),South Georgia and the South Sandwich Islands,South America,,,,,,,,,,,,,
Proportion of women who make their own informed decisions regarding sexual relations (% of women aged 15-49 years),Fiji,Melanesia,,,,,,,,,,,,,
Proportion of women who make their own informed decisions regarding sexual relations (% of women aged 15-49 years),Finland,Northern Europe,,,,,,,,,,,,,
Proportion of women who make their own informed decisions regarding sexual relations (% of women aged 15-49 years),?land Islands,Northern Europe,,,,,,,,,,,,,
Proportion of women who make their own informed decisions regarding sexual relations (% of women aged 15-49 years),France,Western Europe,,,,,,,,,,,,,
Proportion of women who make their own informed decisions regarding sexual relations (% of women aged 15-49 years),French Guiana,South America,,,,,,,,,,,,,
Proportion of women who make their own informed decisions regarding sexual relations (% of women aged 15-49 years),French Polynesia,Polynesia,,,,,,,,,,,,,
Proportion of women who make their own informed decisions regarding sexual relations (% of women aged 15-49 years),French Southern Territories,Eastern Africa,,,,,,,,,,,,,
Proportion of women who make their own informed decisions regarding sexual relations (% of women aged 15-49 years),Djibouti,Eastern Africa,,,,,,,,,,,,,
Proportion of women who make their own informed decisions regarding sexual relations (% of women aged 15-49 years),Gabon,Middle Africa,,,,,,,85.6,,,,,,
Proportion of women who make their own informed decisions regarding sexual relations (% of women aged 15-49 years),Georgia,Western Asia,,,,,,,,,,,,,
Proportion of women who make their own informed decisions regarding sexual relations (% of women aged 15-49 years),Gambia,Western Africa,,,,,,,,64.3,,,,,
Proportion of women who make their own informed decisions regarding sexual relations (% of women aged 15-49 years),State of Palestine,Western Asia,,,,,,,,,,,,,
Proportion of women who make their own informed decisions regarding sexual relations (% of women aged 15-49 years),Germany,Western Europe,,,,,,,,,,,,,
Proportion of women who make their own informed decisions regarding sexual relations (% of women aged 15-49 years),Ghana,Western Africa,,,85.3,,,,,,72,,,,
Proportion of women who make their own informed decisions regarding sexual relations (% of women aged 15-49 years),Gibraltar,Southern Europe,,,,,,,,,,,,,
Proportion of women who make their own informed decisions regarding sexual relations (% of women aged 15-49 years),Kiribati,Micronesia,,,,,,,,,,,,,
Proportion of women who make their own informed decisions regarding sexual relations (% of women aged 15-49 years),Greece,Southern Europe,,,,,,,,,,,,,
Proportion of women who make their own informed decisions regarding sexual relations (% of women aged 15-49 years),Greenland,Northern America,,,,,,,,,,,,,
Proportion of women who make their own informed decisions regarding sexual relations (% of women aged 15-49 years),Grenada,Caribbean,,,,,,,,,,,,,
Proportion of women who make their own informed decisions regarding sexual relations (% of women aged 15-49 years),Guadeloupe,Caribbean,,,,,,,,,,,,,
Proportion of women who make their own informed decisions regarding sexual relations (% of women aged 15-49 years),Guam,Micronesia,,,,,,,,,,,,,
Proportion of women who make their own informed decisions regarding sexual relations (% of women aged 15-49 years),Guatemala,Central America,,,,,,,,,,88.6,,,
Proportion of women who make their own informed decisions regarding sexual relations (% of women aged 15-49 years),Guinea,Western Africa,,,,,,,50.3,,,,,,
Proportion of women who make their own informed decisions regarding sexual relations (% of women aged 15-49 years),Guyana,South America,,,,82.8,,,,,,,,,
Proportion of women who make their own informed decisions regarding sexual relations (% of women aged 15-49 years),Haiti,Caribbean,87.3,,,,,,85.4,,,,,80.3,
Proportion of women who make their own informed decisions regarding sexual relations (% of women aged 15-49 years),Heard Island and McDonald Islands,Australia and New Zealand,,,,,,,,,,,,,
Proportion of women who make their own informed decisions regarding sexual relations (% of women aged 15-49 years),Holy See,Southern Europe,,,,,,,,,,,,,
Proportion of women who make their own informed decisions regarding sexual relations (% of women aged 15-49 years),Honduras,Central America,,,,,,,94.2,,,,,,
Proportion of women who make their own informed decisions regarding sexual relations (% of women aged 15-49 years),"China, Hong Kong Special Administrative Region",Eastern Asia,,,,,,,,,,,,,
Proportion of women who make their own informed decisions regarding sexual relations (% of women aged 15-49 years),Hungary,Eastern Europe,,,,,,,,,,,,,
Proportion of women who make their own informed decisions regarding sexual relations (% of women aged 15-49 years),Iceland,Northern Europe,,,,,,,,,,,,,
Proportion of women who make their own informed decisions regarding sexual relations (% of women aged 15-49 years),India,Southern Asia,,,,,,,,,,,,,
Proportion of women who make their own informed decisions regarding sexual relations (% of women aged 15-49 years),Indonesia,South-Eastern Asia,,,,,,,,,,,,,
Proportion of women who make their own informed decisions regarding sexual relations (% of women aged 15-49 years),Iran (Islamic Republic of),Southern Asia,,,,,,,,,,,,,
Proportion of women who make their own informed decisions regarding sexual relations (% of women aged 15-49 years),Iraq,Western Asia,,,,,,,,,,,,,
Proportion of women who make their own informed decisions regarding sexual relations (% of women aged 15-49 years),Ireland,Northern Europe,,,,,,,,,,,,,
Proportion of women who make their own informed decisions regarding sexual relations (% of women aged 15-49 years),Israel,Western Asia,,,,,,,,,,,,,
Proportion of women who make their own informed decisions regarding sexual relations (% of women aged 15-49 years),Italy,Southern Europe,,,,,,,,,,,,,
Proportion of women who make their own informed decisions regarding sexual relations (% of women aged 15-49 years),C?te d'Ivoire,Western Africa,,,,,,,67.3,,,,,,
Proportion of women who make their own informed decisions regarding sexual relations (% of women aged 15-49 years),Jamaica,Caribbean,,,,,,,,,,,,,
Proportion of women who make their own informed decisions regarding sexual relations (% of women aged 15-49 years),Japan,Eastern Asia,,,,,,,,,,,,,
Proportion of women who make their own informed decisions regarding sexual relations (% of women aged 15-49 years),Kazakhstan,Central Asia,,,,,,,,,,,,,
Proportion of women who make their own informed decisions regarding sexual relations (% of women aged 15-49 years),Jordan,Western Asia,,,,,,,84.2,,,,,,
Proportion of women who make their own informed decisions regarding sexual relations (% of women aged 15-49 years),Kenya,Eastern Africa,,,,,,,,,77.2,,,,
Proportion of women who make their own informed decisions regarding sexual relations (% of women aged 15-49 years),Democratic People's Republic of Korea,Eastern Asia,,,,,,,,,,,,,
Proportion of women who make their own informed decisions regarding sexual relations (% of women aged 15-49 years),Republic of Korea,Eastern Asia,,,,,,,,,,,,,
Proportion of women who make their own informed decisions regarding sexual relations (% of women aged 15-49 years),Kuwait,Western Asia,,,,,,,,,,,,,
Proportion of women who make their own informed decisions regarding sexual relations (% of women aged 15-49 years),Kyrgyzstan,Central Asia,,,,,,,85.4,,,,,,
Proportion of women who make their own informed decisions regarding sexual relations (% of women aged 15-49 years),Lao People's Democratic Republic,South-Eastern Asia,,,,,,,,,,,,,
Proportion of women who make their own informed decisions regarding sexual relations (% of women aged 15-49 years),Lebanon,Western Asia,,,,,,,,,,,,,
Proportion of women who make their own informed decisions regarding sexual relations (% of women aged 15-49 years),Lesotho,Southern Africa,,,,68,,,,,71.4,,,,
Proportion of women who make their own informed decisions regarding sexual relations (% of women aged 15-49 years),Latvia,Northern Europe,,,,,,,,,,,,,
Proportion of women who make their own informed decisions regarding sexual relations (% of women aged 15-49 years),Liberia,Western Africa,,,,,,,,91.6,,,,,
Proportion of women who make their own informed decisions regarding sexual relations (% of women aged 15-49 years),Libya,Northern Africa,,,,,,,,,,,,,
Proportion of women who make their own informed decisions regarding sexual relations (% of women aged 15-49 years),Liechtenstein,Western Europe,,,,,,,,,,,,,
Proportion of women who make their own informed decisions regarding sexual relations (% of women aged 15-49 years),Lithuania,Northern Europe,,,,,,,,,,,,,
Proportion of women who make their own informed decisions regarding sexual relations (% of women aged 15-49 years),Luxembourg,Western Europe,,,,,,,,,,,,,
Proportion of women who make their own informed decisions regarding sexual relations (% of women aged 15-49 years),"China, Macao Special Administrative Region",Eastern Asia,,,,,,,,,,,,,
Proportion of women who make their own informed decisions regarding sexual relations (% of women aged 15-49 years),Madagascar,Eastern Africa,,,,87.9,,,,,,,,,
Proportion of women who make their own informed decisions regarding sexual relations (% of women aged 15-49 years),Malawi,Eastern Africa,,,,,75.8,,,,,,70,,
Proportion of women who make their own informed decisions regarding sexual relations (% of women aged 15-49 years),Malaysia,South-Eastern Asia,,,,,,,,,,,,,
Proportion of women who make their own informed decisions regarding sexual relations (% of women aged 15-49 years),Maldives,Southern Asia,,,,,,,,,,,,,
Proportion of women who make their own informed decisions regarding sexual relations (% of women aged 15-49 years),Mali,Western Africa,41.7,,,,,,,28.5,,,,,
Proportion of women who make their own informed decisions regarding sexual relations (% of women aged 15-49 years),Malta,Southern Europe,,,,,,,,,,,,,
Proportion of women who make their own informed decisions regarding sexual relations (% of women aged 15-49 years),Martinique,Caribbean,,,,,,,,,,,,,
Proportion of women who make their own informed decisions regarding sexual relations (% of women aged 15-49 years),Mauritania,Western Africa,,,,,,,,,,,,,
Proportion of women who make their own informed decisions regarding sexual relations (% of women aged 15-49 years),Mauritius,Eastern Africa,,,,,,,,,,,,,
Proportion of women who make their own informed decisions regarding sexual relations (% of women aged 15-49 years),Mexico,Central America,,,,,,,,,,,,,
Proportion of women who make their own informed decisions regarding sexual relations (% of women aged 15-49 years),Monaco,Western Europe,,,,,,,,,,,,,
Proportion of women who make their own informed decisions regarding sexual relations (% of women aged 15-49 years),Mongolia,Eastern Asia,,,,,,,,,,,,,
Proportion of women who make their own informed decisions regarding sexual relations (% of women aged 15-49 years),Republic of Moldova,Eastern Europe,,,,,,,,,,,,,
Proportion of women who make their own informed decisions regarding sexual relations (% of women aged 15-49 years),Montenegro,Southern Europe,,,,,,,,,,,,,
Proportion of women who make their own informed decisions regarding sexual relations (% of women aged 15-49 years),Montserrat,Caribbean,,,,,,,,,,,,,
Proportion of women who make their own informed decisions regarding sexual relations (% of women aged 15-49 years),Morocco,Northern Africa,,,,,,,,,,,,,
Proportion of women who make their own informed decisions regarding sexual relations (% of women aged 15-49 years),Mozambique,Eastern Africa,,,,,,67,,,,,,,
Proportion of women who make their own informed decisions regarding sexual relations (% of women aged 15-49 years),Oman,Western Asia,,,,,,,,,,,,,
Proportion of women who make their own informed decisions regarding sexual relations (% of women aged 15-49 years),Namibia,Southern Africa,,92,,,,,,93.5,,,,,
Proportion of women who make their own informed decisions regarding sexual relations (% of women aged 15-49 years),Nauru,Micronesia,,,,,,,,,,,,,
Proportion of women who make their own informed decisions regarding sexual relations (% of women aged 15-49 years),Nepal,Southern Asia,,,,,,94.3,,,,,91.4,,
Proportion of women who make their own informed decisions regarding sexual relations (% of women aged 15-49 years),Netherlands,Western Europe,,,,,,,,,,,,,
Proportion of women who make their own informed decisions regarding sexual relations (% of women aged 15-49 years),Netherlands Antilles,Caribbean,,,,,,,,,,,,,
Proportion of women who make their own informed decisions regarding sexual relations (% of women aged 15-49 years),Cura?ao,Caribbean,,,,,,,,,,,,,
Proportion of women who make their own informed decisions regarding sexual relations (% of women aged 15-49 years),Aruba,Caribbean,,,,,,,,,,,,,
Proportion of women who make their own informed decisions regarding sexual relations (% of women aged 15-49 years),Sint Maarten (Dutch part),Caribbean,,,,,,,,,,,,,
Proportion of women who make their own informed decisions regarding sexual relations (% of women aged 15-49 years),New Caledonia,Melanesia,,,,,,,,,,,,,
Proportion of women who make their own informed decisions regarding sexual relations (% of women aged 15-49 years),Vanuatu,Melanesia,,,,,,,,,,,,,
Proportion of women who make their own informed decisions regarding sexual relations (% of women aged 15-49 years),New Zealand,Australia and New Zealand,,,,,,,,,,,,,
Proportion of women who make their own informed decisions regarding sexual relations (% of women aged 15-49 years),Nicaragua,Central America,,,,,,,,,,,,,
Proportion of women who make their own informed decisions regarding sexual relations (% of women aged 15-49 years),Niger,Western Africa,31.4,,,,,,35.3,,,,,,
Proportion of women who make their own informed decisions regarding sexual relations (% of women aged 15-49 years),Nigeria,Western Africa,,,78.8,,,,,82.8,,,,,
Proportion of women who make their own informed decisions regarding sexual relations (% of women aged 15-49 years),Niue,Polynesia,,,,,,,,,,,,,
Proportion of women who make their own informed decisions regarding sexual relations (% of women aged 15-49 years),Norfolk Island,Australia and New Zealand,,,,,,,,,,,,,
Proportion of women who make their own informed decisions regarding sexual relations (% of women aged 15-49 years),Norway,Northern Europe,,,,,,,,,,,,,
Proportion of women who make their own informed decisions regarding sexual relations (% of women aged 15-49 years),Northern Mariana Islands,Micronesia,,,,,,,,,,,,,
Proportion of women who make their own informed decisions regarding sexual relations (% of women aged 15-49 years),United States Minor Outlying Islands,Micronesia,,,,,,,,,,,,,
Proportion of women who make their own informed decisions regarding sexual relations (% of women aged 15-49 years),Micronesia (Federated States of),Micronesia,,,,,,,,,,,,,
Proportion of women who make their own informed decisions regarding sexual relations (% of women aged 15-49 years),Marshall Islands,Micronesia,,,,,,,,,,,,,
Proportion of women who make their own informed decisions regarding sexual relations (% of women aged 15-49 years),Palau,Micronesia,,,,,,,,,,,,,
Proportion of women who make their own informed decisions regarding sexual relations (% of women aged 15-49 years),Pakistan,Southern Asia,,,,,,,,,,,,,
Proportion of women who make their own informed decisions regarding sexual relations (% of women aged 15-49 years),Panama,Central America,,,,,,,,,,,,,
Proportion of women who make their own informed decisions regarding sexual relations (% of women aged 15-49 years),Papua New Guinea,Melanesia,,,,,,,,,,,,,
Proportion of women who make their own informed decisions regarding sexual relations (% of women aged 15-49 years),Paraguay,South America,,,,,,,,,,,,,
Proportion of women who make their own informed decisions regarding sexual relations (% of women aged 15-49 years),Peru,South America,,,,,,,,,,,,,
Proportion of women who make their own informed decisions regarding sexual relations (% of women aged 15-49 years),Philippines,South-Eastern Asia,,,,,,,,,,,,87.8,
Proportion of women who make their own informed decisions regarding sexual relations (% of women aged 15-49 years),Pitcairn,Polynesia,,,,,,,,,,,,,
Proportion of women who make their own informed decisions regarding sexual relations (% of women aged 15-49 years),Poland,Eastern Europe,,,,,,,,,,,,,
Proportion of women who make their own informed decisions regarding sexual relations (% of women aged 15-49 years),Portugal,Southern Europe,,,,,,,,,,,,,
Proportion of women who make their own informed decisions regarding sexual relations (% of women aged 15-49 years),Guinea-Bissau,Western Africa,,,,,,,,,,,,,
Proportion of women who make their own informed decisions regarding sexual relations (% of women aged 15-49 years),Timor-Leste,South-Eastern Asia,,,,,,,,,,,43.5,,
Proportion of women who make their own informed decisions regarding sexual relations (% of women aged 15-49 years),Puerto Rico,Caribbean,,,,,,,,,,,,,
Proportion of women who make their own informed decisions regarding sexual relations (% of women aged 15-49 years),Qatar,Western Asia,,,,,,,,,,,,,
Proportion of women who make their own informed decisions regarding sexual relations (% of women aged 15-49 years),R¨¦union,Eastern Africa,,,,,,,,,,,,,
Proportion of women who make their own informed decisions regarding sexual relations (% of women aged 15-49 years),Romania,Eastern Europe,,,,,,,,,,,,,
Proportion of women who make their own informed decisions regarding sexual relations (% of women aged 15-49 years),Russian Federation,Eastern Europe,,,,,,,,,,,,,
Proportion of women who make their own informed decisions regarding sexual relations (% of women aged 15-49 years),Rwanda,Eastern Africa,,,,,80.9,,,,,83.4,,,
Proportion of women who make their own informed decisions regarding sexual relations (% of women aged 15-49 years),Saint Barth¨¦lemy,Caribbean,,,,,,,,,,,,,
Proportion of women who make their own informed decisions regarding sexual relations (% of women aged 15-49 years),Saint Helena,Western Africa,,,,,,,,,,,,,
Proportion of women who make their own informed decisions regarding sexual relations (% of women aged 15-49 years),Saint Kitts and Nevis,Caribbean,,,,,,,,,,,,,
Proportion of women who make their own informed decisions regarding sexual relations (% of women aged 15-49 years),Anguilla,Caribbean,,,,,,,,,,,,,
Proportion of women who make their own informed decisions regarding sexual relations (% of women aged 15-49 years),Saint Lucia,Caribbean,,,,,,,,,,,,,
Proportion of women who make their own informed decisions regarding sexual relations (% of women aged 15-49 years),Saint Martin (French Part),Caribbean,,,,,,,,,,,,,
Proportion of women who make their own informed decisions regarding sexual relations (% of women aged 15-49 years),Saint Pierre and Miquelon,Northern America,,,,,,,,,,,,,
Proportion of women who make their own informed decisions regarding sexual relations (% of women aged 15-49 years),Saint Vincent and the Grenadines,Caribbean,,,,,,,,,,,,,
Proportion of women who make their own informed decisions regarding sexual relations (% of women aged 15-49 years),San Marino,Southern Europe,,,,,,,,,,,,,
Proportion of women who make their own informed decisions regarding sexual relations (% of women aged 15-49 years),Sao Tome and Principe,Middle Africa,,,79.3,,,,,,,,,,
Proportion of women who make their own informed decisions regarding sexual relations (% of women aged 15-49 years),Saudi Arabia,Western Asia,,,,,,,,,,,,,
Proportion of women who make their own informed decisions regarding sexual relations (% of women aged 15-49 years),Senegal,Western Africa,,,,,,35.5,,,,24.3,19.3,19.2,
Proportion of women who make their own informed decisions regarding sexual relations (% of women aged 15-49 years),Serbia,Southern Europe,,,,,,,,,,,,,
Proportion of women who make their own informed decisions regarding sexual relations (% of women aged 15-49 years),Seychelles,Eastern Africa,,,,,,,,,,,,,
Proportion of women who make their own informed decisions regarding sexual relations (% of women aged 15-49 years),Sierra Leone,Western Africa,,,,,,,,79,,,,,
Proportion of women who make their own informed decisions regarding sexual relations (% of women aged 15-49 years),Singapore,South-Eastern Asia,,,,,,,,,,,,,
Proportion of women who make their own informed decisions regarding sexual relations (% of women aged 15-49 years),Slovakia,Eastern Europe,,,,,,,,,,,,,
Proportion of women who make their own informed decisions regarding sexual relations (% of women aged 15-49 years),Viet Nam,South-Eastern Asia,,,,,,,,,,,,,
Proportion of women who make their own informed decisions regarding sexual relations (% of women aged 15-49 years),Slovenia,Southern Europe,,,,,,,,,,,,,
Proportion of women who make their own informed decisions regarding sexual relations (% of women aged 15-49 years),Somalia,Eastern Africa,,,,,,,,,,,,,
Proportion of women who make their own informed decisions regarding sexual relations (% of women aged 15-49 years),South Africa,Southern Africa,,,,,,,,,,,,,
Proportion of women who make their own informed decisions regarding sexual relations (% of women aged 15-49 years),Zimbabwe,Eastern Africa,68.1,,,,,75.8,,,,72.2,,,
Proportion of women who make their own informed decisions regarding sexual relations (% of women aged 15-49 years),Spain,Southern Europe,,,,,,,,,,,,,
Proportion of women who make their own informed decisions regarding sexual relations (% of women aged 15-49 years),South Sudan,Eastern Africa,,,,,,,,,,,,,
Proportion of women who make their own informed decisions regarding sexual relations (% of women aged 15-49 years),Sudan,Northern Africa,,,,,,,,,,,,,
Proportion of women who make their own informed decisions regarding sexual relations (% of women aged 15-49 years),Western Sahara,Northern Africa,,,,,,,,,,,,,
Proportion of women who make their own informed decisions regarding sexual relations (% of women aged 15-49 years),Suriname,South America,,,,,,,,,,,,,
Proportion of women who make their own informed decisions regarding sexual relations (% of women aged 15-49 years),Svalbard and Jan Mayen Islands,Northern Europe,,,,,,,,,,,,,
Proportion of women who make their own informed decisions regarding sexual relations (% of women aged 15-49 years),Eswatini,Southern Africa,,74.4,,,,,,,,,,,
Proportion of women who make their own informed decisions regarding sexual relations (% of women aged 15-49 years),Sweden,Northern Europe,,,,,,,,,,,,,
Proportion of women who make their own informed decisions regarding sexual relations (% of women aged 15-49 years),Switzerland,Western Europe,,,,,,,,,,,,,
Proportion of women who make their own informed decisions regarding sexual relations (% of women aged 15-49 years),Syrian Arab Republic,Western Asia,,,,,,,,,,,,,
Proportion of women who make their own informed decisions regarding sexual relations (% of women aged 15-49 years),Tajikistan,Central Asia,,,,,,,70.4,,,,,60.3,
Proportion of women who make their own informed decisions regarding sexual relations (% of women aged 15-49 years),Thailand,South-Eastern Asia,,,,,,,,,,,,,
Proportion of women who make their own informed decisions regarding sexual relations (% of women aged 15-49 years),Togo,Western Africa,,,,,,,,,74.5,,,,
Proportion of women who make their own informed decisions regarding sexual relations (% of women aged 15-49 years),Tokelau,Polynesia,,,,,,,,,,,,,
Proportion of women who make their own informed decisions regarding sexual relations (% of women aged 15-49 years),Tonga,Polynesia,,,,,,,,,,,,,
Proportion of women who make their own informed decisions regarding sexual relations (% of women aged 15-49 years),Trinidad and Tobago,Caribbean,,,,,,,,,,,,,
Proportion of women who make their own informed decisions regarding sexual relations (% of women aged 15-49 years),United Arab Emirates,Western Asia,,,,,,,,,,,,,
Proportion of women who make their own informed decisions regarding sexual relations (% of women aged 15-49 years),Tunisia,Northern Africa,,,,,,,,,,,,,
Proportion of women who make their own informed decisions regarding sexual relations (% of women aged 15-49 years),Turkey,Western Asia,,,,,,,,,,,,,
Proportion of women who make their own informed decisions regarding sexual relations (% of women aged 15-49 years),Turkmenistan,Central Asia,,,,,,,,,,,,,
Proportion of women who make their own informed decisions regarding sexual relations (% of women aged 15-49 years),Turks and Caicos Islands,Caribbean,,,,,,,,,,,,,
Proportion of women who make their own informed decisions regarding sexual relations (% of women aged 15-49 years),Tuvalu,Polynesia,,,,,,,,,,,,,
Proportion of women who make their own informed decisions regarding sexual relations (% of women aged 15-49 years),Uganda,Eastern Africa,82.3,,,,,88.6,,,,,86.9,,
Proportion of women who make their own informed decisions regarding sexual relations (% of women aged 15-49 years),Ukraine,Eastern Europe,,86.3,,,,,,,,,,,
Proportion of women who make their own informed decisions regarding sexual relations (% of women aged 15-49 years),North Macedonia,Southern Europe,,,,,,,,,,,,,
Proportion of women who make their own informed decisions regarding sexual relations (% of women aged 15-49 years),Egypt,Northern Africa,,,,,,,,,,,,,
Proportion of women who make their own informed decisions regarding sexual relations (% of women aged 15-49 years),United Kingdom of Great Britain and Northern Ireland,Northern Europe,,,,,,,,,,,,,
Proportion of women who make their own informed decisions regarding sexual relations (% of women aged 15-49 years),Guernsey,Channel Islands,,,,,,,,,,,,,
Proportion of women who make their own informed decisions regarding sexual relations (% of women aged 15-49 years),Jersey,Channel Islands,,,,,,,,,,,,,
Proportion of women who make their own informed decisions regarding sexual relations (% of women aged 15-49 years),Isle of Man,Northern Europe,,,,,,,,,,,,,
Proportion of women who make their own informed decisions regarding sexual relations (% of women aged 15-49 years),United Republic of Tanzania,Eastern Africa,,,,,75.9,,,,,,,,
Proportion of women who make their own informed decisions regarding sexual relations (% of women aged 15-49 years),United States of America,Northern America,,,,,,,,,,,,,
Proportion of women who make their own informed decisions regarding sexual relations (% of women aged 15-49 years),United States Virgin Islands,Caribbean,,,,,,,,,,,,,
Proportion of women who make their own informed decisions regarding sexual relations (% of women aged 15-49 years),Burkina Faso,Western Africa,,,,,62.1,,,,,,,,
Proportion of women who make their own informed decisions regarding sexual relations (% of women aged 15-49 years),Uruguay,South America,,,,,,,,,,,,,
Proportion of women who make their own informed decisions regarding sexual relations (% of women aged 15-49 years),Uzbekistan,Central Asia,,,,,,,,,,,,,
Proportion of women who make their own informed decisions regarding sexual relations (% of women aged 15-49 years),Venezuela (Bolivarian Republic of),South America,,,,,,,,,,,,,
Proportion of women who make their own informed decisions regarding sexual relations (% of women aged 15-49 years),Wallis and Futuna Islands,Polynesia,,,,,,,,,,,,,
Proportion of women who make their own informed decisions regarding sexual relations (% of women aged 15-49 years),Samoa,Polynesia,,,,,,,,,,,,,
Proportion of women who make their own informed decisions regarding sexual relations (% of women aged 15-49 years),Yemen,Western Asia,,,,,,,,,,,,,
Proportion of women who make their own informed decisions regarding sexual relations (% of women aged 15-49 years),Zambia,Eastern Africa,,71.9,,,,,,,71,,,,
