Indicator Name,geoAreaName,parentName,value_2000,value_2001,value_2002,value_2003,value_2004,value_2005,value_2006,value_2007,value_2008,value_2009,value_2010,value_2011,value_2012,value_2013,value_2014,value_2015,value_2016,value_2017,value_2018,value_2019
Proportion of seats held by women in national parliaments (% of total number of seats),Afghanistan,Southern Asia,,,,,,,27.3092,27.3092,27.686,27.686,27.3092,27.7108,27.7108,27.7108,27.7108,27.7108,27.7108,27.7108,27.7108,
Proportion of seats held by women in national parliaments (% of total number of seats),Albania,Southern Europe,5.1613,5.1613,5.7143,5.7143,5.7143,6.4286,7.1429,7.1429,7.1429,7.1429,16.4286,16.4286,15.7143,15.7143,20,20.7143,20.7143,22.8571,27.8571,29.2857
Proportion of seats held by women in national parliaments (% of total number of seats),Antarctica,World,,,,,,,,,,,,,,,,,,,,
Proportion of seats held by women in national parliaments (% of total number of seats),Algeria,Northern Africa,3.1579,3.4211,3.4211,6.1697,6.1697,6.1697,6.1697,6.1697,7.7121,7.7121,7.7121,7.7121,7.9692,31.6017,31.6017,31.6017,31.6017,31.6017,25.7576,25.7576
Proportion of seats held by women in national parliaments (% of total number of seats),American Samoa,Polynesia,,,,,,,,,,,,,,,,,,,,
Proportion of seats held by women in national parliaments (% of total number of seats),Andorra,Southern Europe,7.1429,7.1429,14.2857,14.2857,14.2857,14.2857,28.5714,28.5714,25,25,35.7143,35.7143,50,50,50,50,39.2857,32.1429,32.1429,32.1429
Proportion of seats held by women in national parliaments (% of total number of seats),Angola,Middle Africa,15.4545,15.4545,15.4545,15.4545,15.4545,15,15,15,15,37.2727,38.6364,38.6364,38.1818,34.0909,36.8182,36.8182,36.8182,38.1818,30.4545,30
Proportion of seats held by women in national parliaments (% of total number of seats),Antigua and Barbuda,Caribbean,5.2632,5.2632,5.2632,5.2632,5.2632,10.5263,10.5263,10.5263,10.5263,10.5263,10.5263,10.5263,10.5263,10.5263,10.5263,11.1111,11.1111,11.1111,11.1111,11.1111
Proportion of seats held by women in national parliaments (% of total number of seats),Azerbaijan,Western Asia,10.4,10.4,10.4839,10.4839,10.4839,10.4839,12,11.2903,11.3821,11.3821,11.3821,16,16,16,15.5738,15.5738,16.9355,16.8,16.8,16.8067
Proportion of seats held by women in national parliaments (% of total number of seats),Argentina,South America,28.0156,26.4591,30.7393,30.7393,30.7393,33.7255,36.1868,35.0195,40,40,38.5214,38.5214,37.3541,37.3541,36.5759,36.1868,35.7977,38.9105,38.9105,38.8235
Proportion of seats held by women in national parliaments (% of total number of seats),Australia,Australia and New Zealand,22.449,22.973,25.3333,25.3333,25.3333,24.6667,24.6667,24.6667,26.6667,26.6667,27.3333,24.6667,24.6667,24.6667,26,26.6667,26.6667,28.6667,28.6667,30
Proportion of seats held by women in national parliaments (% of total number of seats),Austria,Western Europe,26.776,26.776,26.776,33.8798,33.8798,33.8798,33.8798,32.2404,32.7869,27.3224,27.8689,27.8689,27.8689,27.8689,32.2404,30.6011,30.6011,30.6011,34.4262,37.1585
Proportion of seats held by women in national parliaments (% of total number of seats),Bahamas,Caribbean,15,15,15,20,20,20,20,20,12.1951,12.1951,12.1951,12.1951,12.1951,13.1579,13.1579,13.1579,13.1579,13.1579,12.8205,12.8205
Proportion of seats held by women in national parliaments (% of total number of seats),Bahrain,Western Asia,,,,0,0,0,0,2.5,2.5,2.5,2.5,2.5,10,10,10,7.5,7.5,7.5,7.5,15
Proportion of seats held by women in national parliaments (% of total number of seats),Bangladesh,Southern Asia,9.0909,1.8182,1.8182,2,2,2,14.7826,,,6.3333,18.5507,18.5507,19.7143,19.7143,6.3973,20,20,20.2857,20.2857,20.6897
Proportion of seats held by women in national parliaments (% of total number of seats),Armenia,Western Asia,3.0534,3.0534,3.0534,3.0534,4.5802,5.3435,5.3435,5.3435,9.1603,8.3969,9.1603,9.1603,8.3969,10.687,10.687,10.687,10.687,9.9237,18.0952,24.2424
Proportion of seats held by women in national parliaments (% of total number of seats),Barbados,Caribbean,10.7143,10.7143,10.7143,10.7143,13.3333,13.3333,13.3333,13.3333,10,10,10,10,10,10,16.6667,16.6667,16.6667,16.6667,16.6667,20
Proportion of seats held by women in national parliaments (% of total number of seats),Belgium,Western Europe,23.3333,23.3333,23.3333,23.3333,35.3333,34.6667,34.6667,34.6667,35.3333,35.3333,38,39.3333,38,38,41.3333,39.3333,39.3333,38,38,38
Proportion of seats held by women in national parliaments (% of total number of seats),Bermuda,Northern America,,,,,,,,,,,,,,,,,,,,
Proportion of seats held by women in national parliaments (% of total number of seats),Bhutan,Southern Asia,2,9.3333,9.3333,9.3333,9.3333,9.3333,9.3333,2.6667,2.6667,8.5106,8.5106,8.5106,8.5106,8.5106,8.5106,8.5106,8.5106,8.5106,8.5106,14.8936
Proportion of seats held by women in national parliaments (% of total number of seats),Bolivia (Plurinational State of),South America,11.5385,11.5385,11.5385,18.4615,18.4615,19.2308,16.9231,16.9231,16.9231,16.9231,22.3077,25.3846,25.3846,25.3846,25.3846,53.0769,53.0769,53.0769,53.0769,53.0769
Proportion of seats held by women in national parliaments (% of total number of seats),Bosnia and Herzegovina,Southern Europe,7.1429,7.1429,16.6667,16.6667,16.6667,16.6667,16.6667,14.2857,11.9048,11.9048,19.0476,16.6667,21.4286,21.4286,21.4286,21.4286,21.4286,21.4286,21.4286,21.4286
Proportion of seats held by women in national parliaments (% of total number of seats),Botswana,Southern Africa,17.0213,17.0213,17.0213,17.0213,17.0213,11.1111,11.1111,11.1111,11.1111,11.1111,7.9365,7.9365,7.9365,7.9365,9.5238,9.5238,9.5238,9.5238,9.5238,9.5238
Proportion of seats held by women in national parliaments (% of total number of seats),Bouvet Island,South America,,,,,,,,,,,,,,,,,,,,
Proportion of seats held by women in national parliaments (% of total number of seats),Brazil,South America,5.653,5.653,6.8226,8.577,8.577,8.577,8.577,8.7719,8.9669,8.9669,8.7719,8.577,8.577,8.577,8.577,8.9669,9.9415,10.7212,10.7212,15.0097
Proportion of seats held by women in national parliaments (% of total number of seats),Belize,Central America,6.8966,6.8966,6.8966,6.8966,3.3333,6.6667,6.6667,6.6667,3.3333,0,0,0,0,3.125,3.125,3.125,3.125,9.375,9.375,9.375
Proportion of seats held by women in national parliaments (% of total number of seats),British Indian Ocean Territory,Eastern Africa,,,,,,,,,,,,,,,,,,,,
Proportion of seats held by women in national parliaments (% of total number of seats),Solomon Islands,Melanesia,2.0408,2.0408,0,0,0,0,0,0,0,0,0,0,0,2,2,2,2,2,2,2.0408
Proportion of seats held by women in national parliaments (% of total number of seats),British Virgin Islands,Caribbean,,,,,,,,,,,,,,,,,,,,
Proportion of seats held by women in national parliaments (% of total number of seats),Brunei Darussalam,South-Eastern Asia,,,,,,,,,,,,,,,,,,9.0909,9.0909,9.0909
Proportion of seats held by women in national parliaments (% of total number of seats),Bulgaria,Eastern Europe,10.8333,10.8333,26.25,26.25,26.25,26.25,22.0833,22.0833,21.6667,21.6667,20.8333,20.8333,20.8333,22.9167,24.5833,20.4167,20.4167,19.1667,23.75,25.8333
Proportion of seats held by women in national parliaments (% of total number of seats),Myanmar,South-Eastern Asia,,,,,,,,,,,,4.2945,3.5443,6.0325,5.5944,6.1905,9.9307,10.1617,10.1617,11.3164
Proportion of seats held by women in national parliaments (% of total number of seats),Burundi,Eastern Africa,5.9829,14.4068,19.5266,18.4358,18.4358,18.4358,30.5085,30.5085,30.5085,30.5085,31.3559,32.0755,30.4762,30.4762,30.4762,30.4762,36.3636,36.3636,36.3636,36.3636
Proportion of seats held by women in national parliaments (% of total number of seats),Belarus,Eastern Europe,9.0909,9.0909,10.3093,10.3093,10.3093,29.3578,29.0909,29.0909,29.0909,31.8182,31.8182,31.8182,31.8182,26.6055,26.6055,27.2727,27.2727,34.5455,34.5455,34.5455
Proportion of seats held by women in national parliaments (% of total number of seats),Cambodia,South-Eastern Asia,8.1967,7.377,7.377,7.377,9.7561,9.7561,9.7561,9.7561,19.5122,16.2602,21.1382,21.1382,20.3252,20.3252,20.3252,20.3252,20.3252,20.3252,20.3252,20
Proportion of seats held by women in national parliaments (% of total number of seats),Cameroon,Middle Africa,5.5556,5.5556,5.5556,8.8889,8.8889,8.8889,8.8889,8.8889,13.8889,13.8889,13.8889,13.8889,13.8889,13.8889,31.1111,31.1111,31.1111,31.1111,31.1111,31.1111
Proportion of seats held by women in national parliaments (% of total number of seats),Canada,Northern America,20.598,20.598,20.598,20.598,20.598,21.1039,20.7792,20.7792,21.3115,22.0779,22.0779,22.0779,24.7557,24.6753,25.0814,25.1634,26.0355,26.2687,27.003,26.9461
Proportion of seats held by women in national parliaments (% of total number of seats),Cabo Verde,Western Africa,11.1111,11.1111,11.1111,11.1111,11.1111,11.1111,15.2778,15.2778,18.0556,18.0556,18.0556,18.0556,20.8333,20.8333,20.8333,20.8333,20.8333,23.6111,23.6111,23.6111
Proportion of seats held by women in national parliaments (% of total number of seats),Cayman Islands,Caribbean,,,,,,,,,,,,,,,,,,,,
Proportion of seats held by women in national parliaments (% of total number of seats),Central African Republic,Middle Africa,7.3394,7.3394,7.3394,7.3394,,,10.4762,10.4762,10.4762,10.4762,9.6154,,12.5,12.5,,,,8.5714,8.5714,8.5714
Proportion of seats held by women in national parliaments (% of total number of seats),Sri Lanka,Southern Asia,4.8889,4.4444,4.4444,4.4444,4.4444,4.8889,4.8889,4.8889,5.7778,5.7778,5.7778,5.3333,5.7778,5.7778,5.7778,5.7778,5.7778,5.7778,5.7778,5.3333
Proportion of seats held by women in national parliaments (% of total number of seats),Chad,Middle Africa,2.4,2.4,2.4,5.8065,5.8065,6.4516,6.4516,6.4516,5.1613,5.1613,5.1613,5.1613,12.766,14.8936,14.8936,14.8936,14.8936,12.766,12.766,14.881
Proportion of seats held by women in national parliaments (% of total number of seats),Chile,South America,10.8333,10.8333,12.5,12.5,12.5,12.5,15,15,15,15,14.1667,14.1667,14.1667,14.1667,15.8333,15.8333,15.8333,15.8333,,22.5806
Proportion of seats held by women in national parliaments (% of total number of seats),China,Eastern Asia,21.8194,21.7828,21.7828,21.7828,20.2345,20.2345,20.2685,20.2685,20.621,21.3257,21.3257,21.3257,21.323,21.323,23.4014,23.6228,23.6228,23.703,24.2476,24.9412
Proportion of seats held by women in national parliaments (% of total number of seats),Christmas Island,Australia and New Zealand,,,,,,,,,,,,,,,,,,,,
Proportion of seats held by women in national parliaments (% of total number of seats),Cocos (Keeling) Islands,Australia and New Zealand,,,,,,,,,,,,,,,,,,,,
Proportion of seats held by women in national parliaments (% of total number of seats),Colombia,South America,11.8012,11.8012,11.8012,12.0482,12.0482,12.0482,12.1212,8.4337,8.4337,8.4337,8.4337,12.6506,12.1212,12.1212,12.1212,19.8795,19.8795,18.6747,18.6747,18.7135
Proportion of seats held by women in national parliaments (% of total number of seats),Comoros,Eastern Africa,,,,,,3.0303,3.0303,3.0303,3.0303,3.0303,3.0303,3.0303,3.0303,3.0303,3.0303,,3.0303,6.0606,6.0606,6.0606
Proportion of seats held by women in national parliaments (% of total number of seats),Mayotte,Eastern Africa,,,,,,,,,,,,,,,,,,,,
Proportion of seats held by women in national parliaments (% of total number of seats),Congo,Western Africa,12,12,12,9.3023,8.5271,8.5271,8.5271,8.5271,7.2993,7.2993,7.2993,7.2993,7.2993,7.3529,7.3529,7.3529,7.3529,7.3529,11.2583,11.2583
Proportion of seats held by women in national parliaments (% of total number of seats),Democratic Republic of the Congo,Middle Africa,,,,,12,12,12,8.4,8.4,8.4,8.4,8.4,8.9431,8.9431,10.6426,8.9431,8.9431,8.9431,8.9431,10.3093
Proportion of seats held by women in national parliaments (% of total number of seats),Cook Islands,Polynesia,,,,,,,,,,,,,,,,,,,,
Proportion of seats held by women in national parliaments (% of total number of seats),Costa Rica,Central America,19.2982,19.2982,19.2982,35.0877,35.0877,35.0877,35.0877,38.5965,36.8421,36.8421,36.8421,38.5965,38.5965,38.5965,38.5965,33.3333,33.3333,35.0877,35.0877,45.614
Proportion of seats held by women in national parliaments (% of total number of seats),Croatia,Southern Europe,0,20.5298,20.5298,20.5298,17.7632,21.7105,21.7105,21.7105,20.915,20.915,23.5294,23.5294,23.8411,23.8411,23.8411,25.8278,15.2318,19.8675,18.543,20.5298
Proportion of seats held by women in national parliaments (% of total number of seats),Cuba,Caribbean,27.6206,27.6206,27.6206,35.9606,35.9606,35.9606,35.9606,35.9606,43.1596,43.1596,43.1596,43.1596,45.2218,45.2218,48.8562,48.8562,48.8562,48.8562,48.8562,53.2231
Proportion of seats held by women in national parliaments (% of total number of seats),Cyprus,Western Asia,5.3571,7.1429,10.7143,10.7143,10.7143,16.0714,16.0714,14.2857,14.2857,14.2857,12.5,12.5,10.7143,10.7143,12.5,12.5,12.5,17.8571,17.8571,17.8571
Proportion of seats held by women in national parliaments (% of total number of seats),Czechia,Eastern Europe,15,15,15,17,17,17,17,15.5,15.5,15.5,15.5,22,22,22,19.5,19,20,20,22,22.5
Proportion of seats held by women in national parliaments (% of total number of seats),Benin,Western Africa,6.0241,6.0241,6.0241,6.0241,7.2289,7.2289,7.2289,7.2289,10.8434,10.8434,10.8434,10.8434,8.4337,8.4337,8.4337,8.4337,7.2289,7.2289,7.2289,7.2289
Proportion of seats held by women in national parliaments (% of total number of seats),Denmark,Northern Europe,37.4302,37.4302,37.9888,37.9888,37.9888,37.9888,36.8715,36.8715,37.9888,37.9888,37.9888,37.9888,39.1061,39.1061,39.1061,37.9888,37.4302,37.4302,37.4302,37.4302
Proportion of seats held by women in national parliaments (% of total number of seats),Dominica,Caribbean,18.75,18.75,18.75,18.75,18.75,19.3548,12.9032,12.9032,16.129,18.75,14.2857,12.5,12.5,12.5,12.9032,21.875,21.875,25,25,25
Proportion of seats held by women in national parliaments (% of total number of seats),Dominican Republic,Caribbean,16.1074,16.1074,16.1074,17.3333,17.3333,17.3333,17.3333,19.6629,19.6629,19.6629,19.6629,20.765,20.765,20.765,20.765,20.765,20.765,26.8421,26.8421,26.8421
Proportion of seats held by women in national parliaments (% of total number of seats),Ecuador,South America,17.3554,14.6341,14.6341,16,16,16,16,25,25,27.6316,32.2581,32.2581,32.2581,32.2581,41.6058,41.6058,41.6058,41.6058,37.9562,37.9562
Proportion of seats held by women in national parliaments (% of total number of seats),El Salvador,Central America,16.6667,9.5238,9.5238,9.5238,10.7143,10.7143,10.7143,16.6667,16.6667,19.0476,19.0476,19.0476,19.0476,26.1905,26.1905,27.381,32.1429,32.1429,32.1429,30.9524
Proportion of seats held by women in national parliaments (% of total number of seats),Equatorial Guinea,Middle Africa,5,5,5,5,5,18,18,18,18,6,10,10,10,10,24,24,24,24,20,20
Proportion of seats held by women in national parliaments (% of total number of seats),Ethiopia,Eastern Africa,2.0258,7.6923,7.6782,7.6782,7.6782,7.6782,21.4286,21.9282,21.9282,21.9282,21.9282,27.7879,27.7879,27.7879,27.7879,27.7879,38.7569,38.7569,38.7569,38.7569
Proportion of seats held by women in national parliaments (% of total number of seats),Eritrea,Eastern Africa,14.6667,14.6667,14.6667,22,22,22,22,22,22,22,22,22,22,22,22,22,22,22,22,22
Proportion of seats held by women in national parliaments (% of total number of seats),Estonia,Northern Europe,17.8218,17.8218,17.8218,17.8218,18.8119,18.8119,18.8119,18.8119,20.7921,20.7921,22.7723,22.7723,19.802,20.7921,19,19.802,23.7624,26.7327,26.7327,28.7129
Proportion of seats held by women in national parliaments (% of total number of seats),Faroe Islands,Northern Europe,,,,,,,,,,,,,,,,,,,,
Proportion of seats held by women in national parliaments (% of total number of seats),Falkland Islands (Malvinas),South America,,,,,,,,,,,,,,,,,,,,
Proportion of seats held by women in national parliaments (% of total number of seats),South Georgia and the South Sandwich Islands,South America,,,,,,,,,,,,,,,,,,,,
Proportion of seats held by women in national parliaments (% of total number of seats),Fiji,Melanesia,11.2676,,5.7143,5.7143,5.7143,8.4507,8.4507,,,,,,,,,14,16,16,16,19.6078
Proportion of seats held by women in national parliaments (% of total number of seats),Finland,Northern Europe,37,36.5,36.5,36.5,37.5,37.5,37.5,38,41.5,41.5,40,40,42.5,42.5,42.5,42.5,41.5,42,42,41.5
Proportion of seats held by women in national parliaments (% of total number of seats),?land Islands,Northern Europe,,,,,,,,,,,,,,,,,,,,
Proportion of seats held by women in national parliaments (% of total number of seats),France,Western Europe,10.9185,10.9185,10.9185,12.1951,12.1951,12.1951,12.1951,12.1951,18.1976,18.1976,18.8908,18.8908,18.8908,26.8631,26.1698,26.1698,26.1698,25.8232,38.9948,39.688
Proportion of seats held by women in national parliaments (% of total number of seats),French Guiana,South America,,,,,,,,,,,,,,,,,,,,
Proportion of seats held by women in national parliaments (% of total number of seats),French Polynesia,Polynesia,,,,,,,,,,,,,,,,,,,,
Proportion of seats held by women in national parliaments (% of total number of seats),French Southern Territories,Eastern Africa,,,,,,,,,,,,,,,,,,,,
Proportion of seats held by women in national parliaments (% of total number of seats),Djibouti,Eastern Africa,0,0,0,10.7692,10.7692,10.7692,10.7692,10.7692,13.8462,13.8462,13.8462,13.8462,13.8462,13.8462,12.7273,12.7273,12.7273,10.7692,10.7692,26.1538
Proportion of seats held by women in national parliaments (% of total number of seats),Gabon,Middle Africa,8.3333,9.1667,,9.2437,9.2437,9.2437,9.2437,12.5,16.6667,16.6667,14.6552,14.6552,15.7895,15.7895,15,14.1667,14.1667,17.094,17.094,17.9104
Proportion of seats held by women in national parliaments (% of total number of seats),Georgia,Western Asia,7.234,7.234,7.234,7.234,7.234,9.3617,9.3617,9.3617,9.3617,6,5.1095,6.5217,6.5693,12,12,11.3333,11.3333,16,16,14.7651
Proportion of seats held by women in national parliaments (% of total number of seats),Gambia,Western Africa,2.0408,2.0408,13.2075,13.2075,13.2075,13.2075,13.2075,9.434,9.434,9.434,7.5472,7.5472,7.5472,7.5472,9.434,9.434,9.434,9.434,10.3448,10.3448
Proportion of seats held by women in national parliaments (% of total number of seats),State of Palestine,Western Asia,,,,,,,,,,,,,,,,,,,,
Proportion of seats held by women in national parliaments (% of total number of seats),Germany,Western Europe,30.9417,30.9417,31.6817,32.1725,32.1725,32.7787,31.759,31.5961,31.6476,32.1895,32.7974,32.7974,32.9032,32.9032,36.4501,36.4501,36.4501,36.9841,30.7475,30.8886
Proportion of seats held by women in national parliaments (% of total number of seats),Ghana,Western Africa,9,9,9,9,9,10.8696,10.8696,10.8696,10.8696,7.8947,8.2609,8.2609,8.2609,10.2564,10.9091,10.9091,10.9091,12.7273,12.7273,13.0909
Proportion of seats held by women in national parliaments (% of total number of seats),Gibraltar,Southern Europe,,,,,,,,,,,,,,,,,,,,
Proportion of seats held by women in national parliaments (% of total number of seats),Kiribati,Micronesia,4.878,4.878,4.7619,4.7619,4.7619,4.7619,4.7619,7.1429,4.3478,4.3478,4.3478,4.3478,8.6957,8.6957,8.6957,8.6957,6.5217,6.5217,6.5217,6.5217
Proportion of seats held by women in national parliaments (% of total number of seats),Greece,Southern Europe,6.3333,8.6667,8.6667,8.6667,8.6667,14,13,13,14.6667,14.6667,17.3333,17.3333,18.6667,21,21,23,19.6667,18.3333,18.3333,18.6667
Proportion of seats held by women in national parliaments (% of total number of seats),Greenland,Northern America,,,,,,,,,,,,,,,,,,,,
Proportion of seats held by women in national parliaments (% of total number of seats),Grenada,Caribbean,26.6667,26.6667,26.6667,26.6667,26.6667,26.6667,26.6667,26.6667,26.6667,13.3333,13.3333,13.3333,13.3333,13.3333,33.3333,33.3333,33.3333,33.3333,33.3333,46.6667
Proportion of seats held by women in national parliaments (% of total number of seats),Guadeloupe,Caribbean,,,,,,,,,,,,,,,,,,,,
Proportion of seats held by women in national parliaments (% of total number of seats),Guam,Micronesia,,,,,,,,,,,,,,,,,,,,
Proportion of seats held by women in national parliaments (% of total number of seats),Guatemala,Central America,7.0796,8.8496,8.8496,8.8496,8.2278,8.2278,8.2278,8.2278,12.0253,12.0253,12.0253,12.0253,13.2911,13.2911,13.2911,13.2911,13.9241,12.6582,12.6582,18.9873
Proportion of seats held by women in national parliaments (% of total number of seats),Guinea,Western Africa,8.7719,8.7719,8.7719,19.2982,19.2982,19.2982,19.2982,19.2982,19.2982,,,,,,21.9298,21.9298,21.9298,21.9298,21.9298,22.807
Proportion of seats held by women in national parliaments (% of total number of seats),Guyana,South America,18.4615,18.4615,20,20,20,30.7692,30.7692,28.9855,28.9855,30,30,30,31.3433,31.3433,31.3433,31.3433,30.4348,31.8841,31.8841,31.8841
Proportion of seats held by women in national parliaments (% of total number of seats),Haiti,Caribbean,3.6145,3.6145,3.6145,3.6145,3.6145,3.6145,3.6145,4.0816,4.0816,4.0816,4.0816,11.1111,4.2105,4.2105,4.2105,4.2105,0,2.5641,2.5424,2.5424
Proportion of seats held by women in national parliaments (% of total number of seats),Heard Island and McDonald Islands,Australia and New Zealand,,,,,,,,,,,,,,,,,,,,
Proportion of seats held by women in national parliaments (% of total number of seats),Holy See,Southern Europe,,,,,,,,,,,,,,,,,,,,
Proportion of seats held by women in national parliaments (% of total number of seats),Honduras,Central America,9.375,9.375,9.375,5.4688,5.4688,5.4688,23.4375,23.4375,23.4375,23.4375,17.9688,17.9688,19.5313,19.5313,25.7813,25.7813,25.7813,25.7813,21.0938,21.0938
Proportion of seats held by women in national parliaments (% of total number of seats),"China, Hong Kong Special Administrative Region",Eastern Asia,,,,,,,,,,,,,,,,,,,,
Proportion of seats held by women in national parliaments (% of total number of seats),Hungary,Eastern Europe,8.2902,8.2902,8.2902,9.8446,9.8446,9.0909,9.0909,10.3627,11.1399,11.1399,11.1399,9.0674,8.8083,8.8083,9.375,10.101,10.101,10.0503,10.0503,12.5628
Proportion of seats held by women in national parliaments (% of total number of seats),Iceland,Northern Europe,34.9206,34.9206,34.9206,34.9206,30.1587,30.1587,33.3333,33.3333,33.3333,33.3333,42.8571,42.8571,39.6825,39.6825,39.6825,41.2698,41.2698,47.619,38.0952,38.0952
Proportion of seats held by women in national parliaments (% of total number of seats),India,Southern Asia,9.0239,9.0074,8.8398,8.8398,8.8398,8.2873,8.2569,8.2569,9.0573,9.0573,10.8257,10.8257,11.0092,11.0092,11.3761,11.9705,11.9705,11.8081,11.8081,12.5954
Proportion of seats held by women in national parliaments (% of total number of seats),Indonesia,South-Eastern Asia,8,8,8,8,8,11.2727,11.2727,11.2727,11.6364,11.6364,18.0357,18.0357,18.2143,18.5714,18.5714,17.1171,17.1171,19.8214,19.8214,18.2143
Proportion of seats held by women in national parliaments (% of total number of seats),Iran (Islamic Republic of),Southern Asia,4.8872,3.4483,3.4483,4.1379,4.1379,4.1379,4.1379,4.1379,4.1379,2.7972,2.7586,2.7586,2.7586,3.1034,3.1034,3.1034,3.1034,5.8824,5.8824,5.8824
Proportion of seats held by women in national parliaments (% of total number of seats),Iraq,Western Asia,6.4,7.6,7.6,7.6,,,25.4545,25.4545,25.4545,25.4545,25.4545,25.2308,25.2308,25.2308,25.2308,26.5244,26.5244,25.3049,25.3049,25.228
Proportion of seats held by women in national parliaments (% of total number of seats),Ireland,Northern Europe,12.0482,12.0482,12.0482,13.253,13.253,13.253,13.253,13.253,13.253,13.253,13.9394,13.9394,15.0602,15.0602,15.6627,16.2651,16.2651,22.1519,22.1519,22.1519
Proportion of seats held by women in national parliaments (% of total number of seats),Israel,Western Asia,11.6667,12.5,13.3333,15,15,15,15,14.1667,14.1667,14.1667,19.1667,19.1667,20,21.6667,22.5,22.5,26.6667,27.5,27.5,29.1667
Proportion of seats held by women in national parliaments (% of total number of seats),Italy,Southern Europe,11.1111,11.1111,9.8413,11.4887,11.4887,11.526,11.526,17.3016,17.3016,21.2698,21.2698,21.2698,21.5873,21.4286,31.4286,30.9524,30.9524,30.9524,30.9524,35.7143
Proportion of seats held by women in national parliaments (% of total number of seats),C?te d'Ivoire,Western Africa,8.5202,8.4444,8.5202,8.5202,8.5202,8.5202,8.5202,8.5202,8.867,8.867,8.867,8.867,11.0236,10.4418,9.4488,9.1633,9.1633,11.4625,10.5882,10.9804
Proportion of seats held by women in national parliaments (% of total number of seats),Jamaica,Caribbean,13.3333,13.3333,13.3333,11.6667,11.6667,11.6667,11.6667,11.6667,13.3333,13.3333,13.3333,13.3333,12.6984,12.6984,12.6984,12.6984,12.6984,17.4603,17.4603,17.4603
Proportion of seats held by women in national parliaments (% of total number of seats),Japan,Eastern Asia,4.6,7.2917,7.2917,7.2917,7.0833,7.0833,8.9583,9.375,9.375,9.375,11.25,11.25,10.8333,7.9167,8.125,9.4737,9.4737,9.2632,10.1075,10.1512
Proportion of seats held by women in national parliaments (% of total number of seats),Kazakhstan,Central Asia,10.3896,10.3896,10.3896,10.3896,10.3896,10.3896,10.3896,10.3896,15.8879,15.8879,17.757,17.757,24.2991,24.2991,25.2174,26.1682,26.1682,27.1028,27.1028,27.1028
Proportion of seats held by women in national parliaments (% of total number of seats),Jordan,Western Asia,0,0,1.25,1.25,5.4545,5.4545,5.4545,5.4545,6.3636,6.3636,6.3636,10.8333,10.8333,12,12,12,12,15.3846,15.3846,15.3846
Proportion of seats held by women in national parliaments (% of total number of seats),Kenya,Eastern Africa,3.5714,3.5714,3.5714,7.1429,7.1429,7.1429,7.1429,7.3059,7.2464,9.8214,9.8214,9.8214,9.8214,9.8214,19.1429,19.7143,19.7143,19.4286,21.7765,21.7765
Proportion of seats held by women in national parliaments (% of total number of seats),Democratic People's Republic of Korea,Eastern Asia,20.0873,20.0873,20.0873,20.0873,,20.0873,20.0873,20.0873,20.0873,20.0873,15.575,15.575,15.575,15.575,15.575,16.3028,16.3028,16.3028,16.3028,16.3028
Proportion of seats held by women in national parliaments (% of total number of seats),Republic of Korea,Eastern Asia,3.6789,5.8608,5.8608,5.8608,5.5351,13.0435,13.3779,13.3779,14.3813,13.7124,14.7157,14.7157,14.7157,15.6667,15.6667,16.3333,16.3333,17,17,17.1141
Proportion of seats held by women in national parliaments (% of total number of seats),Kuwait,Western Asia,0,0,0,0,0,0,1.5385,1.5385,1.5385,3.0769,7.6923,7.6923,7.6923,6.1538,4.6154,1.5385,1.5385,3.0769,3.0769,4.6154
Proportion of seats held by women in national parliaments (% of total number of seats),Kyrgyzstan,Central Asia,1.4286,2.3256,10,10,10,10,0,0,25.5556,25.5556,25.5556,23.3333,23.3333,23.3333,23.3333,23.3333,19.1667,19.1667,19.1667,19.1667
Proportion of seats held by women in national parliaments (% of total number of seats),Lao People's Democratic Republic,South-Eastern Asia,21.2121,21.2121,21.2121,22.9358,22.9358,22.9358,22.9358,25.2174,25.2174,25.2174,25.2174,25.2174,25,25,25,25,25,27.5168,27.5168,27.5168
Proportion of seats held by women in national parliaments (% of total number of seats),Lebanon,Western Asia,2.3438,2.3438,2.3438,2.3438,2.3438,2.3438,4.6875,4.6875,4.6875,4.6875,3.125,3.125,3.125,3.125,3.125,3.125,3.125,3.125,3.125,4.6875
Proportion of seats held by women in national parliaments (% of total number of seats),Lesotho,Southern Africa,3.7975,3.7975,3.7975,11.6667,11.6667,11.6667,11.6667,11.7647,25,25,24.1667,24.1667,24.1667,26.6667,26.6667,26.6667,25,25,22.1311,23.3333
Proportion of seats held by women in national parliaments (% of total number of seats),Latvia,Northern Europe,17,17,17,21,21,21,21,19,20,20,22,20,23,23,25,18,18,16,16,31
Proportion of seats held by women in national parliaments (% of total number of seats),Liberia,Western Africa,7.8125,7.8125,7.8125,7.8125,7.8125,5.2632,12.5,12.5,12.5,12.5,12.5,12.5,9.589,10.9589,10.9589,10.9589,10.9589,12.3288,9.8592,12.3288
Proportion of seats held by women in national parliaments (% of total number of seats),Libya,Northern Africa,,,,,,,4.7368,7.6923,7.6923,7.6923,7.6923,7.6923,7.6923,16.5,16.5,15.9574,15.9574,15.9574,15.9574,15.9574
Proportion of seats held by women in national parliaments (% of total number of seats),Liechtenstein,Western Europe,4,4,12,12,12,12,24,24,24,24,24,24,24,24,20,20,20,12,12,12
Proportion of seats held by women in national parliaments (% of total number of seats),Lithuania,Northern Europe,17.5182,10.6383,10.6383,10.6383,10.6383,21.9858,21.9858,24.8227,22.695,17.7305,19.1489,19.1489,19.1489,24.4604,24.1135,23.4043,23.4043,21.2766,21.2766,21.2766
Proportion of seats held by women in national parliaments (% of total number of seats),Luxembourg,Western Europe,16.6667,16.6667,16.6667,16.6667,16.6667,23.3333,23.3333,23.3333,23.3333,23.3333,20,20,25,21.6667,28.3333,28.3333,28.3333,28.3333,28.3333,25
Proportion of seats held by women in national parliaments (% of total number of seats),"China, Macao Special Administrative Region",Eastern Asia,,,,,,,,,,,,,,,,,,,,
Proportion of seats held by women in national parliaments (% of total number of seats),Madagascar,Eastern Africa,8,8,8,3.75,3.75,6.875,6.875,6.875,7.874,7.874,,12.5,17.5342,17.4863,23.1293,20.5298,20.5298,19.2053,19.2053,19.2053
Proportion of seats held by women in national parliaments (% of total number of seats),Malawi,Eastern Africa,8.2902,9.3264,9.3264,9.3264,9.3264,13.9896,13.6126,13.6126,12.9534,12.9534,20.8333,20.8333,22.2798,22.2798,22.2798,16.6667,16.6667,16.6667,16.6667,16.6667
Proportion of seats held by women in national parliaments (% of total number of seats),Malaysia,South-Eastern Asia,7.2539,10.3627,10.3627,10.3627,10.4712,9.1324,9.1324,9.1324,10.0457,10.8108,9.9099,9.9099,10.4072,10.4072,10.3604,10.3604,10.3604,10.3604,10.3604,14.4144
Proportion of seats held by women in national parliaments (% of total number of seats),Maldives,Southern Asia,6,6,6,6,6,12,12,12,12,12,6.4935,6.4935,6.4935,6.4935,6.7568,5.8824,5.8824,5.8824,5.8824,4.7059
Proportion of seats held by women in national parliaments (% of total number of seats),Mali,Western Africa,12.2449,12.2449,12.2449,10.2041,10.2041,10.2041,10.2041,10.2041,10.2041,10.2041,10.2041,10.2041,10.2041,10.2041,9.5238,9.5238,8.8435,8.8435,8.8435,8.8435
Proportion of seats held by women in national parliaments (% of total number of seats),Malta,Southern Europe,9.2308,9.2308,9.2308,9.2308,9.2308,9.2308,9.2308,9.2308,9.2308,8.6957,8.6957,8.6957,8.6957,8.6957,14.2857,12.8571,12.8571,12.5,11.9403,11.9403
Proportion of seats held by women in national parliaments (% of total number of seats),Martinique,Caribbean,,,,,,,,,,,,,,,,,,,,
Proportion of seats held by women in national parliaments (% of total number of seats),Mauritania,Western Africa,3.7975,3.7975,3.7037,3.7037,3.7037,3.7037,,17.8947,22.1053,22.1053,22.1053,22.1053,22.1053,22.1053,25.1701,25.1701,25.1701,25.1701,25.1701,20.2614
Proportion of seats held by women in national parliaments (% of total number of seats),Mauritius,Eastern Africa,7.5758,5.7143,5.7143,5.7143,5.7143,5.7143,17.1429,17.1429,17.1429,17.1429,17.1429,18.8406,18.8406,18.8406,18.8406,11.5942,11.5942,11.5942,11.5942,11.5942
Proportion of seats held by women in national parliaments (% of total number of seats),Mexico,Central America,18.2,16,16,16,22.6,22.6,24.2,22.6,23.2,23.2,27.6,26.2,26.2,36.8,37.4,38,42.3695,42.6,42.6,48.2
Proportion of seats held by women in national parliaments (% of total number of seats),Monaco,Western Europe,22.2222,22.2222,22.2222,22.2222,20.8333,20.8333,20.8333,20.8333,20.8333,25,26.087,26.087,19.0476,19.0476,20.8333,20.8333,20.8333,20.8333,20.8333,33.3333
Proportion of seats held by women in national parliaments (% of total number of seats),Mongolia,Eastern Asia,7.8947,10.5263,10.5263,10.5263,10.5263,6.7568,6.6667,6.5789,6.5789,4.0541,3.9474,3.9474,3.9474,14.8649,14.8649,14.8649,14.4737,17.1053,17.1053,17.1053
Proportion of seats held by women in national parliaments (% of total number of seats),Republic of Moldova,Eastern Europe,8.9109,7.9208,12.8713,12.8713,12.8713,15.8416,21.7822,21.7822,21.7822,21.7822,23.7624,18.8119,19.802,19.802,18.8119,20.7921,21.7822,22.7723,22.7723,22.7723
Proportion of seats held by women in national parliaments (% of total number of seats),Montenegro,Southern Europe,,,,,,,,8.642,11.1111,11.1111,11.1111,11.1111,12.3457,17.284,14.8148,17.284,17.284,23.4568,23.4568,23.4568
Proportion of seats held by women in national parliaments (% of total number of seats),Montserrat,Caribbean,,,,,,,,,,,,,,,,,,,,
Proportion of seats held by women in national parliaments (% of total number of seats),Morocco,Northern Africa,0.6154,0.6154,0.6154,10.7692,10.7692,10.7692,10.7692,10.7692,10.4615,10.4615,10.4615,10.4615,16.962,16.962,16.962,16.962,16.962,20.5063,20.5063,20.5063
Proportion of seats held by women in national parliaments (% of total number of seats),Mozambique,Eastern Africa,30,30,30,30,30,34.8,34.8,34.8,34.8,34.8,39.2,39.2,39.2,39.2,39.2,39.6,39.6,39.6,39.6,39.6
Proportion of seats held by women in national parliaments (% of total number of seats),Oman,Western Asia,,,,,,2.4096,2.4096,2.4096,0,0,0,0,1.1905,1.1905,1.1905,1.1905,1.1765,1.1765,1.1765,1.1765
Proportion of seats held by women in national parliaments (% of total number of seats),Namibia,Southern Africa,22.2222,25,25,26.3889,26.3889,25,26.9231,26.9231,26.9231,26.9231,26.8657,24.359,24.359,24.359,25.641,41.3462,41.3462,41.3462,46.1538,46.1538
Proportion of seats held by women in national parliaments (% of total number of seats),Nauru,Micronesia,0,0,0,0,0,0,0,0,0,0,0,0,0,0,5.2632,5.2632,5.2632,10.5263,10.5263,10.5263
Proportion of seats held by women in national parliaments (% of total number of seats),Nepal,Southern Asia,5.8537,5.8537,5.8537,,,,,17.3252,17.3252,33.165,33.165,33.165,33.165,33.165,29.913,29.4807,29.5492,29.5798,32.7,32.7273
Proportion of seats held by women in national parliaments (% of total number of seats),Netherlands,Western Europe,36,36,36,36.6667,36.6667,36.6667,36.6667,36.6667,39.3333,41.3333,42,40.6667,40.6667,38.6667,38.6667,37.3333,37.3333,38,36,31.3333
Proportion of seats held by women in national parliaments (% of total number of seats),Netherlands Antilles,Caribbean,,,,,,,,,,,,,,,,,,,,
Proportion of seats held by women in national parliaments (% of total number of seats),Cura?ao,Caribbean,,,,,,,,,,,,,,,,,,,,
Proportion of seats held by women in national parliaments (% of total number of seats),Aruba,Caribbean,,,,,,,,,,,,,,,,,,,,
Proportion of seats held by women in national parliaments (% of total number of seats),Sint Maarten (Dutch part),Caribbean,,,,,,,,,,,,,,,,,,,,
Proportion of seats held by women in national parliaments (% of total number of seats),New Caledonia,Melanesia,,,,,,,,,,,,,,,,,,,,
Proportion of seats held by women in national parliaments (% of total number of seats),Vanuatu,Melanesia,0,0,0,1.9231,1.9231,3.8462,3.8462,3.8462,3.8462,3.8462,3.8462,3.8462,1.9231,0,0,0,0,0,0,0
Proportion of seats held by women in national parliaments (% of total number of seats),New Zealand,Australia and New Zealand,29.1667,30.8333,30.8333,29.1667,28.3333,28.3333,32.2314,32.2314,33.0579,33.6066,33.6066,33.6066,32.2314,32.2314,33.8843,31.405,31.405,34.1667,38.3333,40
Proportion of seats held by women in national parliaments (% of total number of seats),Nicaragua,Central America,9.6774,9.6774,20.6522,20.6522,20.6522,20.6522,20.6522,18.4783,18.4783,18.4783,20.6522,20.6522,40.2174,40.2174,40.2174,39.1304,41.3043,45.6522,45.6522,44.5652
Proportion of seats held by women in national parliaments (% of total number of seats),Niger,Western Africa,1.2048,1.2048,1.2048,1.2048,1.2048,12.3894,12.3894,12.3894,12.3894,12.3894,9.7345,,13.2743,13.2743,13.2743,13.2743,13.2743,16.9591,16.9591,16.9591
Proportion of seats held by women in national parliaments (% of total number of seats),Nigeria,Western Africa,,3.4188,3.4188,3.4188,6.6667,4.7222,6.3889,6.1111,6.9832,6.9832,6.9832,6.9832,6.8182,6.6667,6.6667,6.6667,5.5556,5.5556,5.5556,5.571
Proportion of seats held by women in national parliaments (% of total number of seats),Niue,Polynesia,,,,,,,,,,,,,,,,,,,,
Proportion of seats held by women in national parliaments (% of total number of seats),Norfolk Island,Australia and New Zealand,,,,,,,,,,,,,,,,,,,,
Proportion of seats held by women in national parliaments (% of total number of seats),Norway,Northern Europe,36.3636,36.3636,35.7576,36.3636,36.3636,38.1818,37.8698,37.8698,36.0947,36.0947,39.645,39.645,39.645,39.645,39.645,39.645,39.645,39.645,41.4201,40.8284
Proportion of seats held by women in national parliaments (% of total number of seats),Northern Mariana Islands,Micronesia,,,,,,,,,,,,,,,,,,,,
Proportion of seats held by women in national parliaments (% of total number of seats),United States Minor Outlying Islands,Micronesia,,,,,,,,,,,,,,,,,,,,
Proportion of seats held by women in national parliaments (% of total number of seats),Micronesia (Federated States of),Micronesia,0,0,0,0,0,0,0,0,0,0,0,0,0,0,0,0,0,0,0,0
Proportion of seats held by women in national parliaments (% of total number of seats),Marshall Islands,Micronesia,3.0303,3.0303,3.0303,3.0303,3.0303,3.0303,3.0303,3.0303,3.0303,3.0303,3.0303,3.0303,3.0303,3.0303,3.0303,3.0303,9.0909,9.0909,9.0909,9.0909
Proportion of seats held by women in national parliaments (% of total number of seats),Palau,Micronesia,0,0,0,0,0,0,0,0,0,0,0,0,0,0,0,0,0,12.5,12.5,12.5
Proportion of seats held by women in national parliaments (% of total number of seats),Pakistan,Southern Asia,,,,21.6374,21.6374,21.345,21.345,21.345,21.0526,22.4852,22.2222,22.2222,22.5146,22.5146,20.743,20.743,20.5882,20.5882,20.5882,20.2346
Proportion of seats held by women in national parliaments (% of total number of seats),Panama,Central America,9.7222,9.8592,9.8592,9.8592,9.8592,16.6667,16.6667,16.6667,16.6667,16.6667,8.4507,8.4507,8.4507,8.4507,8.4507,19.2982,18.3099,18.3099,18.3099,18.3099
Proportion of seats held by women in national parliaments (% of total number of seats),Papua New Guinea,Melanesia,1.8349,1.8349,1.8349,0.9174,0.9174,0.9174,0.9174,0.9174,0.9174,0.9174,0.9174,0.9174,0.9174,2.7027,2.7027,2.7027,2.7027,2.7027,0,0
Proportion of seats held by women in national parliaments (% of total number of seats),Paraguay,South America,2.5,2.5,2.5,2.5,10,10,10,10,10,12.5,12.5,12.5,12.5,12.5,15,15,15,13.75,13.75,15
Proportion of seats held by women in national parliaments (% of total number of seats),Peru,South America,10.8333,20,18.3333,18.3333,18.3333,18.3333,18.3333,29.1667,29.1667,29.1667,27.5,27.5,21.5385,21.5385,22.3077,22.3077,22.3077,27.6923,27.6923,30
Proportion of seats held by women in national parliaments (% of total number of seats),Philippines,South-Eastern Asia,12.4424,11.2613,17.757,17.757,17.757,15.2542,15.678,15.2542,20.5021,20.5021,20.9738,22.1429,22.8873,22.8873,27.3356,27.2414,27.2414,29.4521,29.4521,29.4521
Proportion of seats held by women in national parliaments (% of total number of seats),Pitcairn,Polynesia,,,,,,,,,,,,,,,,,,,,
Proportion of seats held by women in national parliaments (% of total number of seats),Poland,Eastern Europe,13.0435,13.0435,20.2174,20.2174,20.2174,20.2174,20.4348,20.4348,20.4348,20.2174,20,20,23.6957,23.6957,24.3478,24.1304,27.3913,28.0435,28.0435,29.1304
Proportion of seats held by women in national parliaments (% of total number of seats),Portugal,Southern Europe,18.6957,17.3913,18.6957,19.1304,19.1304,19.1304,21.3043,21.3043,28.2609,28.2609,27.3913,27.3913,28.6957,28.6957,31.3043,31.3043,34.7826,34.7826,34.7826,35.6522
Proportion of seats held by women in national parliaments (% of total number of seats),Guinea-Bissau,Western Africa,7.8431,7.8431,7.8431,7.8431,,14,14,14,14,10,10,10,10,14,11,13.7255,13.7255,13.7255,13.7255,13.7255
Proportion of seats held by women in national parliaments (% of total number of seats),Timor-Leste,South-Eastern Asia,,,,26.1364,26.1364,25.2874,25.2874,25.2874,29.2308,29.2308,29.2308,29.2308,32.3077,38.4615,38.4615,38.4615,38.4615,38.4615,32.3077,40
Proportion of seats held by women in national parliaments (% of total number of seats),Puerto Rico,Caribbean,,,,,,,,,,,,,,,,,,,,
Proportion of seats held by women in national parliaments (% of total number of seats),Qatar,Western Asia,,,,,,,0,0,0,0,0,0,0,0,0,0,0,0,9.7561,9.7561
Proportion of seats held by women in national parliaments (% of total number of seats),R¨¦union,Eastern Africa,,,,,,,,,,,,,,,,,,,,
Proportion of seats held by women in national parliaments (% of total number of seats),Romania,Eastern Europe,7.2886,10.7246,10.7246,10.7246,10.7246,11.4458,11.1782,11.1782,9.3939,11.3772,11.3772,11.3772,11.2121,13.3495,13.5135,13.7157,13.7157,20.6687,20.6687,20.6687
Proportion of seats held by women in national parliaments (% of total number of seats),Russian Federation,Eastern Europe,7.7098,7.7098,7.5724,7.5724,9.7778,9.8434,9.8434,9.8434,14,14,14,14,13.5556,13.5556,13.5556,13.5556,13.5556,15.7778,15.7778,15.7778
Proportion of seats held by women in national parliaments (% of total number of seats),Rwanda,Eastern Africa,17.1429,25.7143,25.6757,25.6757,48.75,48.75,48.75,48.75,48.75,56.25,56.25,56.25,56.25,56.25,63.75,63.75,63.75,61.25,61.25,61.25
Proportion of seats held by women in national parliaments (% of total number of seats),Saint Barth¨¦lemy,Caribbean,,,,,,,,,,,,,,,,,,,,
Proportion of seats held by women in national parliaments (% of total number of seats),Saint Helena,Western Africa,,,,,,,,,,,,,,,,,,,,
Proportion of seats held by women in national parliaments (% of total number of seats),Saint Kitts and Nevis,Caribbean,13.3333,13.3333,13.3333,13.3333,13.3333,0,0,0,6.6667,6.6667,6.6667,6.6667,6.6667,6.6667,6.6667,6.6667,13.3333,13.3333,13.3333,13.3333
Proportion of seats held by women in national parliaments (% of total number of seats),Anguilla,Caribbean,,,,,,,,,,,,,,,,,,,,
Proportion of seats held by women in national parliaments (% of total number of seats),Saint Lucia,Caribbean,11.1111,11.1111,11.1111,11.1111,11.1111,11.1111,11.1111,5.5556,11.1111,11.1111,11.1111,11.1111,16.6667,16.6667,16.6667,16.6667,16.6667,16.6667,16.6667,16.6667
Proportion of seats held by women in national parliaments (% of total number of seats),Saint Martin (French Part),Caribbean,,,,,,,,,,,,,,,,,,,,
Proportion of seats held by women in national parliaments (% of total number of seats),Saint Pierre and Miquelon,Northern America,,,,,,,,,,,,,,,,,,,,
Proportion of seats held by women in national parliaments (% of total number of seats),Saint Vincent and the Grenadines,Caribbean,4.7619,4.7619,22.7273,22.7273,22.7273,22.7273,18.1818,18.1818,18.1818,18.1818,21.7391,14.2857,17.3913,17.3913,13.0435,13.0435,13.0435,13.0435,13.0435,13.0435
Proportion of seats held by women in national parliaments (% of total number of seats),San Marino,Southern Europe,13.3333,13.3333,16.6667,16.6667,16.6667,16.6667,16.6667,11.6667,11.6667,15,16.6667,16.6667,18.3333,16.6667,18.3333,16.6667,16.6667,26.6667,26.6667,25
Proportion of seats held by women in national parliaments (% of total number of seats),Sao Tome and Principe,Middle Africa,9.0909,9.0909,9.0909,9.0909,9.0909,9.0909,9.0909,7.2727,1.8182,7.2727,7.2727,18.1818,18.1818,18.1818,18.1818,18.1818,18.1818,18.1818,18.1818,14.5455
Proportion of seats held by women in national parliaments (% of total number of seats),Saudi Arabia,Western Asia,,,,,0,0,0,0,0,0,0,0,0,19.8675,19.8675,19.8675,19.8675,19.8675,19.8675,19.8675
Proportion of seats held by women in national parliaments (% of total number of seats),Senegal,Western Africa,12.1429,12.1429,16.6667,19.1667,19.1667,19.1667,19.1667,19.1667,22,22,22.6667,22.6667,22.6667,42.6667,43.3333,42.6667,42.6667,42.6667,41.8182,41.8182
Proportion of seats held by women in national parliaments (% of total number of seats),Serbia,Southern Europe,,,,,,,,20.4,20.4,21.6,21.6,21.6,22,33.2,33.6,34,34,34.4,34.4,37.6518
Proportion of seats held by women in national parliaments (% of total number of seats),Seychelles,Eastern Africa,23.5294,23.5294,23.5294,29.4118,29.4118,29.4118,29.4118,29.4118,23.5294,23.5294,23.5294,23.5294,43.75,43.75,43.75,43.75,43.75,21.2121,21.2121,21.2121
Proportion of seats held by women in national parliaments (% of total number of seats),Sierra Leone,Western Africa,8.75,8.75,8.75,14.5161,14.5161,14.5161,14.5161,14.5161,13.2231,13.2231,13.2231,13.2231,12.9032,12.3967,12.0968,12.3967,12.3967,12.3967,12.3967,12.3288
Proportion of seats held by women in national parliaments (% of total number of seats),Singapore,South-Eastern Asia,4.3011,6.4516,11.7647,11.7647,15.9574,15.9574,15.9574,24.4681,24.4681,24.4681,23.4043,23.4043,22.2222,24.2424,25.2525,25.2525,23.0769,23.7624,23,23
Proportion of seats held by women in national parliaments (% of total number of seats),Slovakia,Eastern Europe,12.6667,14,14,19.3333,19.3333,16.6667,16.6667,20,19.3333,19.3333,18,15.3333,16,18.6667,18.6667,18.6667,18.6667,20,20,20
Proportion of seats held by women in national parliaments (% of total number of seats),Viet Nam,South-Eastern Asia,26,26,26,27.3092,27.3092,27.3092,27.3092,27.3092,25.7606,25.7606,25.7606,25.7606,24.4,24.4,24.2972,24.2972,24.2972,26.7206,26.7206,26.7206
Proportion of seats held by women in national parliaments (% of total number of seats),Slovenia,Southern Europe,7.7778,12.2222,12.2222,12.2222,12.2222,12.2222,12.2222,12.2222,12.2222,13.3333,14.4444,14.4444,32.2222,32.2222,33.3333,36.6667,36.6667,36.6667,36.6667,24.4444
Proportion of seats held by women in national parliaments (% of total number of seats),Somalia,Eastern Africa,,,,,,,8,7.8067,8.2031,,6.8646,6.7766,6.7766,13.8182,13.8182,13.8182,13.8182,24.2424,24.3636,24.3636
Proportion of seats held by women in national parliaments (% of total number of seats),South Africa,Southern Africa,30,29.8246,29.8246,29.8246,29.8246,32.75,32.75,32.75,33,33,44.5,44.5,42.25,42.25,44.75,41.5,42,42.1717,42.3858,42.7481
Proportion of seats held by women in national parliaments (% of total number of seats),Zimbabwe,Eastern Africa,14,9.3333,10,10,10,10,16,16.6667,16,15.2381,14.9533,14.9533,14.9533,14.9533,31.4815,31.4815,31.4815,32.5926,33.2,31.8519
Proportion of seats held by women in national parliaments (% of total number of seats),Spain,Southern Europe,21.5517,28.2857,28.2857,28.2857,28.2857,36,36,36,36.5714,36.2857,36.5714,36.5714,36,36,39.7143,41.1429,40,39.1429,39.1429,41.1429
Proportion of seats held by women in national parliaments (% of total number of seats),South Sudan,Eastern Africa,,,,,,,,,,,,,26.506,26.506,26.506,26.506,26.506,28.4595,28.4595,28.4595
Proportion of seats held by women in national parliaments (% of total number of seats),Sudan,Northern Africa,,,,,,,,,,,,,24.5763,24.5763,24.2938,24.2938,30.5164,30.5164,30.5164,27.6507
Proportion of seats held by women in national parliaments (% of total number of seats),Western Sahara,Northern Africa,,,,,,,,,,,,,,,,,,,,
Proportion of seats held by women in national parliaments (% of total number of seats),Suriname,South America,15.6863,0,17.6471,17.6471,17.6471,19.6078,25.4902,25.4902,25.4902,25.4902,25.4902,9.8039,11.7647,11.7647,11.7647,11.7647,25.4902,25.4902,25.4902,29.4118
Proportion of seats held by women in national parliaments (% of total number of seats),Svalbard and Jan Mayen Islands,Northern Europe,,,,,,,,,,,,,,,,,,,,
Proportion of seats held by women in national parliaments (% of total number of seats),Eswatini,Southern Africa,3.0769,3.0769,3.0769,3.0769,10.7692,10.7692,10.7692,10.7692,10.7692,13.8462,13.6364,13.6364,13.6364,13.6364,6.1538,6.1538,6.1538,6.1538,6.1538,7.2464
Proportion of seats held by women in national parliaments (% of total number of seats),Sweden,Northern Europe,42.6934,42.6934,42.6934,45.2722,45.2722,45.2722,45.2722,47.2779,46.9914,46.9914,46.4183,44.9857,44.6991,44.6991,44.9857,43.553,43.553,43.553,43.553,47.2779
Proportion of seats held by women in national parliaments (% of total number of seats),Switzerland,Western Europe,22.5,23,23,23,25,25,25,25,28.5,28.5,29,29,28.5,29,31,30.5,32,32.5,32.5,32.5
Proportion of seats held by women in national parliaments (% of total number of seats),Syrian Arab Republic,Western Asia,10.4,10.4,10.4,10.4,12,12,12,12,12,12.4,12.4,12.4,12.4,12,12,12.4,12.4,13.2,13.2,13.2
Proportion of seats held by women in national parliaments (% of total number of seats),Tajikistan,Central Asia,2.7624,15,12.6984,12.6984,12.6984,12.6984,17.4603,17.4603,17.4603,17.4603,17.4603,19.0476,19.0476,19.0476,15.873,16.9492,19.0476,19.0476,19.0476,19.0476
Proportion of seats held by women in national parliaments (% of total number of seats),Thailand,South-Eastern Asia,5.598,9.2,9.2,9.2,9.2,8.83,10.8,8.6777,11.74,11.6667,13.3192,13.3192,15.8,15.8,15.8,6.0914,6.0914,4.8583,4.8,5.4167
Proportion of seats held by women in national parliaments (% of total number of seats),Togo,Western Africa,4.9383,4.9383,4.9383,7.4074,7.4074,6.1728,7.4074,8.642,11.1111,11.1111,11.1111,11.1111,11.1111,11.1111,16.4835,17.5824,17.5824,17.5824,17.5824,16.4835
Proportion of seats held by women in national parliaments (% of total number of seats),Tokelau,Polynesia,,,,,,,,,,,,,,,,,,,,
Proportion of seats held by women in national parliaments (% of total number of seats),Tonga,Polynesia,0,0,0,0,0,0,3.4483,3.3333,3.3333,3.125,3.125,0,3.5714,3.5714,3.5714,0,0,3.8462,7.4074,7.4074
Proportion of seats held by women in national parliaments (% of total number of seats),Trinidad and Tobago,Caribbean,11.1111,16.6667,16.6667,19.4444,19.4444,19.4444,19.4444,19.4444,26.8293,26.8293,26.8293,28.5714,28.5714,28.5714,28.5714,28.5714,30.9524,30.9524,30.9524,30.9524
Proportion of seats held by women in national parliaments (% of total number of seats),United Arab Emirates,Western Asia,0,0,0,0,0,0,0,22.5,22.5,22.5,22.5,22.5,17.5,17.5,17.5,17.5,22.5,20,22.5,22.5
Proportion of seats held by women in national parliaments (% of total number of seats),Tunisia,Northern Africa,11.5385,11.5385,11.5385,11.5385,11.5385,22.7513,22.7513,22.7513,22.7513,22.7513,27.5701,27.5701,26.7281,26.7281,28.1106,31.3364,31.3364,31.3364,31.3364,35.9447
Proportion of seats held by women in national parliaments (% of total number of seats),Turkey,Western Asia,4.1818,4.1818,4.1818,4.3636,4.3636,4.3636,4.3636,4.3636,9.1075,9.1075,9.1075,9.1075,14.1818,14.1818,14.4161,14.4161,14.9091,14.9091,14.5719,17.4497
Proportion of seats held by women in national parliaments (% of total number of seats),Turkmenistan,Central Asia,26,26,26,26,26,,16,16,16,16.8,16.8,16.8,16.8,16.8,26.4,25.8065,25.8065,25.8065,25.8065,25
Proportion of seats held by women in national parliaments (% of total number of seats),Turks and Caicos Islands,Caribbean,,,,,,,,,,,,,,,,,,,,
Proportion of seats held by women in national parliaments (% of total number of seats),Tuvalu,Polynesia,0,0,0,0,0,0,0,0,0,0,0,0,6.6667,6.6667,6.6667,6.6667,6.6667,6.6667,6.6667,6.6667
Proportion of seats held by women in national parliaments (% of total number of seats),Uganda,Eastern Africa,17.9211,17.7936,24.6711,24.6711,24.6711,23.9344,23.9344,29.8193,30.7229,30.7229,31.4815,31.2883,34.9741,34.9741,34.9741,34.9741,34.9741,34.2984,34.2984,34.8584
Proportion of seats held by women in national parliaments (% of total number of seats),Ukraine,Eastern Europe,7.7778,7.7778,7.7778,5.3333,5.3333,5.3333,5.3333,8.6667,8.2222,8.2222,8,8,8,9.4382,9.7285,11.8483,12.0853,12.2931,12.2931,11.5839
Proportion of seats held by women in national parliaments (% of total number of seats),North Macedonia,Southern Europe,7.5,6.6667,6.6667,18.3333,18.3333,19.1667,19.1667,28.3333,29.1667,31.6667,32.5,32.5,30.8943,32.5203,34.1463,33.3333,33.3333,31.6667,37.5,38.3333
Proportion of seats held by women in national parliaments (% of total number of seats),Egypt,Northern Africa,,,,,,,,,,,,,,,,,14.9329,14.9329,14.9329,14.9329
Proportion of seats held by women in national parliaments (% of total number of seats),United Kingdom of Great Britain and Northern Ireland,Northern Europe,18.3612,18.3612,17.9059,17.9059,17.9059,18.0577,19.6594,19.6594,19.5046,19.5046,19.5046,22,22.3077,22.4615,22.6154,22.7692,29.3846,30,32,32
Proportion of seats held by women in national parliaments (% of total number of seats),Guernsey,Channel Islands,,,,,,,,,,,,,,,,,,,,
Proportion of seats held by women in national parliaments (% of total number of seats),Jersey,Channel Islands,,,,,,,,,,,,,,,,,,,,
Proportion of seats held by women in national parliaments (% of total number of seats),Isle of Man,Northern Europe,,,,,,,,,,,,,,,,,,,,
Proportion of seats held by women in national parliaments (% of total number of seats),United Republic of Tanzania,Eastern Africa,22.1818,22.1818,22.2628,22.2628,21.3559,21.3559,30.4075,30.4075,30.4075,30.4075,30.6502,36,36,36,36,36,36.5591,36.3868,37.1795,36.8957
Proportion of seats held by women in national parliaments (% of total number of seats),United States of America,Northern America,13.3333,14.023,14.023,14.2529,14.2529,14.9425,15.1724,16.3218,16.7816,17.0115,16.7816,16.7816,16.8203,17.7829,18.287,19.3548,19.3548,19.0805,19.4896,23.5566
Proportion of seats held by women in national parliaments (% of total number of seats),United States Virgin Islands,Caribbean,,,,,,,,,,,,,,,,,,,,
Proportion of seats held by women in national parliaments (% of total number of seats),Burkina Faso,Western Africa,8.1081,8.1081,8.1081,11.7117,11.7117,11.7117,11.7117,11.7117,15.3153,15.3153,15.3153,15.3153,15.3153,15.748,18.8976,13.3333,9.4488,11.0236,11.0236,13.3858
Proportion of seats held by women in national parliaments (% of total number of seats),Uruguay,South America,12.1212,12.1212,12.1212,12.1212,12.1212,12.1212,11.1111,11.1111,12.1212,12.1212,14.1414,15.1515,12.1212,12.1212,13.1313,13.1313,16.1616,20.202,20.202,22.2222
Proportion of seats held by women in national parliaments (% of total number of seats),Uzbekistan,Central Asia,6.8,7.2,7.2,7.2,7.2,17.5,17.5,17.5,17.5,17.5,22,22,22,22,22,16,16,16,16,16
Proportion of seats held by women in national parliaments (% of total number of seats),Venezuela (Bolivarian Republic of),South America,12.1359,9.697,9.697,9.697,9.697,9.697,17.3653,17.9641,18.5629,18.5629,17.4699,16.9697,16.9697,16.9697,16.9697,16.9697,14.3713,22.1557,22.1557,22.1557
Proportion of seats held by women in national parliaments (% of total number of seats),Wallis and Futuna Islands,Polynesia,,,,,,,,,,,,,,,,,,,,
Proportion of seats held by women in national parliaments (% of total number of seats),Samoa,Polynesia,8.1633,8.1633,6.1224,6.1224,6.1224,6.1224,6.1224,6.1224,8.1633,8.1633,8.1633,8.1633,4.0816,4.0816,4.0816,6.1224,6.1224,10,10,10
Proportion of seats held by women in national parliaments (% of total number of seats),Yemen,Western Asia,0.6645,0.6645,0.6689,0.6689,0.3322,0.3322,0.3322,0.3322,0.3322,0.3322,0.3322,0.3322,0.3322,0.3322,0.3322,0.3322,0,0,0,0.3322
Proportion of seats held by women in national parliaments (% of total number of seats),Zambia,Eastern Africa,10.1266,10.1266,12.0253,12.0253,12.0253,12.0253,12.6582,14.6497,15.1899,15.1899,14.0127,14.0127,11.465,11.465,10.7595,12.6582,12.6582,17.9641,17.9641,17.9641
